eta,gamma,controller,precision,diverged,converged,converged_step,final_loss,log_final_loss,final_alpha,min_alpha,min_update_cosine,max_grad_sat
0.01,1.0,none,"ap_fixed<16,6,AP_RND,AP_SAT>",False,False,,0.099945068359375,-1.0002386306275708,1.0,1.0,0.4117897152900696,0.0
0.012469049049711741,1.0,none,"ap_fixed<16,6,AP_RND,AP_SAT>",False,False,,0.0634002685546875,-1.1979089024967193,1.0,1.0,0.4178673326969147,0.0
0.015547718420411735,1.0,none,"ap_fixed<16,6,AP_RND,AP_SAT>",False,False,,0.0398101806640625,-1.4000058515125693,1.0,1.0,0.41975003480911255,0.0
0.019386526359522076,1.0,none,"ap_fixed<16,6,AP_RND,AP_SAT>",False,False,,0.0251922607421875,-1.5987328573436663,1.0,1.0,0.4225490689277649,0.0
0.024173154808041036,1.0,none,"ap_fixed<16,6,AP_RND,AP_SAT>",False,False,,0.0161285400390625,-1.7924049432893459,1.0,1.0,0.4148687422275543,0.0
0.03014162529877389,1.0,none,"ap_fixed<16,6,AP_RND,AP_SAT>",False,False,,0.0105133056640625,-1.9782607086747643,1.0,1.0,0.4188014268875122,0.0
0.037583740428844416,1.0,none,"ap_fixed<16,6,AP_RND,AP_SAT>",False,False,,0.0066375732421875,-2.177990673603632,1.0,1.0,0.43329450488090515,0.0
0.046863350287889544,1.0,none,"ap_fixed<16,6,AP_RND,AP_SAT>",False,True,592.0,0.004241943359375,-2.3724351346032417,1.0,1.0,0.4130226671695709,0.0
0.05843414133735175,1.0,none,"ap_fixed<16,6,AP_RND,AP_SAT>",False,True,476.0,0.00274658203125,-2.561207425362271,1.0,1.0,0.40972819924354553,0.0
0.07286181745132274,1.0,none,"ap_fixed<16,6,AP_RND,AP_SAT>",False,True,381.0,0.0018768310546875,-2.7265748189529035,1.0,1.0,0.42161622643470764,0.0
0.09085175756516867,1.0,none,"ap_fixed<16,6,AP_RND,AP_SAT>",False,True,304.0,0.0012054443359375,-2.91885283897298,1.0,1.0,0.3864409923553467,0.0
0.11328350213326084,1.0,none,"ap_fixed<16,6,AP_RND,AP_SAT>",False,True,239.0,0.00079345703125,-3.1004765864415553,1.0,1.0,0.43768811225891113,0.0
0.1412537544622754,1.0,none,"ap_fixed<16,6,AP_RND,AP_SAT>",False,True,193.0,0.0005340576171875,-3.2724118854602255,1.0,1.0,0.4273128807544708,0.0
0.17612999928460507,1.0,none,"ap_fixed<16,6,AP_RND,AP_SAT>",False,True,153.0,0.000335693359375,-3.474057248507769,1.0,1.0,0.4242389500141144,0.0
0.21961736002054355,1.0,none,"ap_fixed<16,6,AP_RND,AP_SAT>",False,True,123.0,0.0001983642578125,-3.7025365761274838,1.0,1.0,0.4335549771785736,0.0
0.27384196342643613,1.0,none,"ap_fixed<16,6,AP_RND,AP_SAT>",False,True,98.0,0.0001373291015625,-3.8622374180219383,1.0,1.0,0.42105263471603394,0.0
0.34145488738336005,1.0,none,"ap_fixed<16,6,AP_RND,AP_SAT>",False,True,78.0,9.1552734375e-05,-4.038328675496402,1.0,1.0,0.38254600763320923,0.0
0.42576177390469155,1.0,none,"ap_fixed<16,6,AP_RND,AP_SAT>",False,True,62.0,4.57763671875e-05,-4.339358666416729,1.0,1.0,0.47457897663116455,0.0
0.5308844442309882,1.0,none,"ap_fixed<16,6,AP_RND,AP_SAT>",False,True,50.0,4.57763671875e-05,-4.339358666416729,1.0,1.0,0.5076730847358704,0.0
0.6619624174845152,1.0,none,"ap_fixed<16,6,AP_RND,AP_SAT>",False,True,40.0,1.52587890625e-05,-4.816479902161777,1.0,1.0,0.4285714328289032,0.0
0.8254041852680182,1.0,none,"ap_fixed<16,6,AP_RND,AP_SAT>",False,True,32.0,1.52587890625e-05,-4.816479902161777,1.0,1.0,0.5773503184318542,0.0
1.0292005271944276,1.0,none,"ap_fixed<16,6,AP_RND,AP_SAT>",False,True,25.0,1.52587890625e-05,-4.816479902161777,1.0,1.0,0.780720055103302,0.0
1.2833151855576512,1.0,none,"ap_fixed<16,6,AP_RND,AP_SAT>",False,True,20.0,0.0,-12.0,1.0,1.0,0.7071067690849304,0.0
1.600171999495828,1.0,none,"ap_fixed<16,6,AP_RND,AP_SAT>",False,True,16.0,1.52587890625e-05,-4.816479902161777,1.0,1.0,0.632455587387085,0.0
1.9952623149688795,1.0,none,"ap_fixed<16,6,AP_RND,AP_SAT>",True,False,,1250.889404296875,,1.0,1.0,0.9976496696472168,0.0
0.01,1.0594630943592953,none,"ap_fixed<16,6,AP_RND,AP_SAT>",False,False,,0.0877838134765625,-1.0565855565932525,1.0,1.0,0.41096967458724976,0.0
0.012469049049711741,1.0594630943592953,none,"ap_fixed<16,6,AP_RND,AP_SAT>",False,False,,0.0557861328125,-1.2534737435541203,1.0,1.0,0.41581201553344727,0.0
0.015547718420411735,1.0594630943592953,none,"ap_fixed<16,6,AP_RND,AP_SAT>",False,False,,0.0355987548828125,-1.448565191817747,1.0,1.0,0.4196259677410126,0.0
0.019386526359522076,1.0594630943592953,none,"ap_fixed<16,6,AP_RND,AP_SAT>",False,False,,0.022674560546875,-1.6444611211799893,1.0,1.0,0.42204800248146057,0.0
0.024173154808041036,1.0594630943592953,none,"ap_fixed<16,6,AP_RND,AP_SAT>",False,False,,0.0144805908203125,-1.839213718166415,1.0,1.0,0.4179939925670624,0.0
0.03014162529877389,1.0594630943592953,none,"ap_fixed<16,6,AP_RND,AP_SAT>",False,False,,0.0091400146484375,-2.039053108186872,1.0,1.0,0.4212207794189453,0.0
0.037583740428844416,1.0594630943592953,none,"ap_fixed<16,6,AP_RND,AP_SAT>",False,False,,0.00592041015625,-2.2276482049561364,1.0,1.0,0.42585963010787964,0.0
0.046863350287889544,1.0594630943592953,none,"ap_fixed<16,6,AP_RND,AP_SAT>",False,True,532.0,0.0038909912109375,-2.4099397500781286,1.0,1.0,0.43204811215400696,0.0
0.05843414133735175,1.0594630943592953,none,"ap_fixed<16,6,AP_RND,AP_SAT>",False,True,429.0,0.0025787353515625,-2.588593225841612,1.0,1.0,0.4192112982273102,0.0
0.07286181745132274,1.0594630943592953,none,"ap_fixed<16,6,AP_RND,AP_SAT>",False,True,343.0,0.0017242431640625,-2.763401486888404,1.0,1.0,0.39812034368515015,0.0
0.09085175756516867,1.0594630943592953,none,"ap_fixed<16,6,AP_RND,AP_SAT>",False,True,272.0,0.0010833740234375,-2.9652215815037515,1.0,1.0,0.3908679485321045,0.0
0.11328350213326084,1.0594630943592953,none,"ap_fixed<16,6,AP_RND,AP_SAT>",False,True,215.0,0.00067138671875,-3.1730272534906496,1.0,1.0,0.3789962828159332,0.0
0.1412537544622754,1.0594630943592953,none,"ap_fixed<16,6,AP_RND,AP_SAT>",False,True,173.0,0.0005035400390625,-3.297965989883329,1.0,1.0,0.3947368562221527,0.0
0.17612999928460507,1.0594630943592953,none,"ap_fixed<16,6,AP_RND,AP_SAT>",False,True,138.0,0.00030517578125,-3.5154499335366216,1.0,1.0,0.36285650730133057,0.0
0.21961736002054355,1.0594630943592953,none,"ap_fixed<16,6,AP_RND,AP_SAT>",False,True,110.0,0.00018310546875,-3.7372986822042473,1.0,1.0,0.4315318465232849,0.0
0.27384196342643613,1.0594630943592953,none,"ap_fixed<16,6,AP_RND,AP_SAT>",False,True,88.0,0.0001068115234375,-3.9713818865434534,1.0,1.0,0.44172608852386475,0.0
0.34145488738336005,1.0594630943592953,none,"ap_fixed<16,6,AP_RND,AP_SAT>",False,True,70.0,7.62939453125e-05,-4.117509920595296,1.0,1.0,0.39307308197021484,0.0
0.42576177390469155,1.0594630943592953,none,"ap_fixed<16,6,AP_RND,AP_SAT>",False,True,56.0,4.57763671875e-05,-4.339358666416729,1.0,1.0,0.47457897663116455,0.0
0.5308844442309882,1.0594630943592953,none,"ap_fixed<16,6,AP_RND,AP_SAT>",False,True,45.0,3.0517578125e-05,-4.515449920728757,1.0,1.0,0.4950737953186035,0.0
0.6619624174845152,1.0594630943592953,none,"ap_fixed<16,6,AP_RND,AP_SAT>",False,True,36.0,1.52587890625e-05,-4.816479902161777,1.0,1.0,0.4375949800014496,0.0
0.8254041852680182,1.0594630943592953,none,"ap_fixed<16,6,AP_RND,AP_SAT>",False,True,29.0,1.52587890625e-05,-4.816479902161777,1.0,1.0,0.6882472038269043,0.0
1.0292005271944276,1.0594630943592953,none,"ap_fixed<16,6,AP_RND,AP_SAT>",False,True,23.0,1.52587890625e-05,-4.816479902161777,1.0,1.0,0.5345224738121033,0.0
1.2833151855576512,1.0594630943592953,none,"ap_fixed<16,6,AP_RND,AP_SAT>",False,True,18.0,0.0,-12.0,1.0,1.0,0.7071067690849304,0.0
1.600171999495828,1.0594630943592953,none,"ap_fixed<16,6,AP_RND,AP_SAT>",False,True,16.0,3.0517578125e-05,-4.515449920728757,1.0,1.0,0.9983286261558533,0.0
1.9952623149688795,1.0594630943592953,none,"ap_fixed<16,6,AP_RND,AP_SAT>",True,False,,1147.862060546875,,1.0,1.0,0.9958162307739258,0.0
0.01,1.122462048309373,none,"ap_fixed<16,6,AP_RND,AP_SAT>",False,False,,0.07806396484375,-1.1075493948115194,1.0,1.0,0.4153159260749817,0.0
0.012469049049711741,1.122462048309373,none,"ap_fixed<16,6,AP_RND,AP_SAT>",False,False,,0.0498504638671875,-1.3023307961395498,1.0,1.0,0.4168364405632019,0.0
0.015547718420411735,1.122462048309373,none,"ap_fixed<16,6,AP_RND,AP_SAT>",False,False,,0.03192138671875,-1.4959182504148574,1.0,1.0,0.420626163482666,0.0
0.019386526359522076,1.122462048309373,none,"ap_fixed<16,6,AP_RND,AP_SAT>",False,False,,0.0203857421875,-1.6906734724628685,1.0,1.0,0.41746824979782104,0.0
0.024173154808041036,1.122462048309373,none,"ap_fixed<16,6,AP_RND,AP_SAT>",False,False,,0.012725830078125,-1.8953138799518334,1.0,1.0,0.4201623499393463,0.0
0.03014162529877389,1.122462048309373,none,"ap_fixed<16,6,AP_RND,AP_SAT>",False,False,,0.0083465576171875,-2.0784926042382357,1.0,1.0,0.4196283221244812,0.0
0.037583740428844416,1.122462048309373,none,"ap_fixed<16,6,AP_RND,AP_SAT>",False,False,,0.0054168701171875,-2.2662515774884304,1.0,1.0,0.42047247290611267,0.0
0.046863350287889544,1.122462048309373,none,"ap_fixed<16,6,AP_RND,AP_SAT>",False,True,481.0,0.0035552978515625,-2.449124009475526,1.0,1.0,0.40970084071159363,0.0
0.05843414133735175,1.122462048309373,none,"ap_fixed<16,6,AP_RND,AP_SAT>",False,True,388.0,0.0023345947265625,-2.631788499620075,1.0,1.0,0.3961445987224579,0.0
0.07286181745132274,1.122462048309373,none,"ap_fixed<16,6,AP_RND,AP_SAT>",False,True,309.0,0.0016021728515625,-2.795290631282695,1.0,1.0,0.3844282925128937,0.0
0.09085175756516867,1.122462048309373,none,"ap_fixed<16,6,AP_RND,AP_SAT>",False,True,245.0,0.0009765625,-3.0102999561950945,1.0,1.0,0.388908714056015,0.0
0.11328350213326084,1.122462048309373,none,"ap_fixed<16,6,AP_RND,AP_SAT>",False,True,194.0,0.000640869140625,-3.193230639548134,1.0,1.0,0.41216787695884705,0.0
0.1412537544622754,1.122462048309373,none,"ap_fixed<16,6,AP_RND,AP_SAT>",False,True,156.0,0.0004730224609375,-3.3251182358713,1.0,1.0,0.3543452024459839,0.0
0.17612999928460507,1.122462048309373,none,"ap_fixed<16,6,AP_RND,AP_SAT>",False,True,124.0,0.000274658203125,-3.561207423939175,1.0,1.0,0.4159068763256073,0.0
0.21961736002054355,1.122462048309373,none,"ap_fixed<16,6,AP_RND,AP_SAT>",False,True,99.0,0.00018310546875,-3.7372986822042473,1.0,1.0,0.45209720730781555,0.0
0.27384196342643613,1.122462048309373,none,"ap_fixed<16,6,AP_RND,AP_SAT>",False,True,79.0,9.1552734375e-05,-4.038328675496402,1.0,1.0,0.44932475686073303,0.0
0.34145488738336005,1.122462048309373,none,"ap_fixed<16,6,AP_RND,AP_SAT>",False,True,63.0,6.103515625e-05,-4.214419932180256,1.0,1.0,0.487713098526001,0.0
0.42576177390469155,1.122462048309373,none,"ap_fixed<16,6,AP_RND,AP_SAT>",False,True,50.0,3.0517578125e-05,-4.515449920728757,1.0,1.0,0.49507376551628113,0.0
0.5308844442309882,1.122462048309373,none,"ap_fixed<16,6,AP_RND,AP_SAT>",False,True,40.0,3.0517578125e-05,-4.515449920728757,1.0,1.0,0.5076730847358704,0.0
0.6619624174845152,1.122462048309373,none,"ap_fixed<16,6,AP_RND,AP_SAT>",False,True,32.0,1.52587890625e-05,-4.816479902161777,1.0,1.0,0.40824827551841736,0.0
0.8254041852680182,1.122462048309373,none,"ap_fixed<16,6,AP_RND,AP_SAT>",False,True,26.0,1.52587890625e-05,-4.816479902161777,1.0,1.0,0.6000000238418579,0.0
1.0292005271944276,1.122462048309373,none,"ap_fixed<16,6,AP_RND,AP_SAT>",False,True,20.0,0.0,-12.0,1.0,1.0,0.48507124185562134,0.0
1.2833151855576512,1.122462048309373,none,"ap_fixed<16,6,AP_RND,AP_SAT>",False,True,16.0,0.0,-12.0,1.0,1.0,0.8660253882408142,0.0
1.600171999495828,1.122462048309373,none,"ap_fixed<16,6,AP_RND,AP_SAT>",True,False,,1502.7506103515625,,1.0,1.0,0.9977601170539856,0.0
1.9952623149688795,1.122462048309373,none,"ap_fixed<16,6,AP_RND,AP_SAT>",True,False,,1750.2677001953125,,1.0,1.0,0.9875178933143616,0.0
0.01,1.189207115002721,none,"ap_fixed<16,6,AP_RND,AP_SAT>",False,False,,0.0694122314453125,-1.1585639937874872,1.0,1.0,0.4152875244617462,0.0
0.012469049049711741,1.189207115002721,none,"ap_fixed<16,6,AP_RND,AP_SAT>",False,False,,0.0449981689453125,-1.3468051580622498,1.0,1.0,0.41474324464797974,0.0
0.015547718420411735,1.189207115002721,none,"ap_fixed<16,6,AP_RND,AP_SAT>",False,False,,0.028778076171875,-1.5409382422072984,1.0,1.0,0.4153212904930115,0.0
0.019386526359522076,1.189207115002721,none,"ap_fixed<16,6,AP_RND,AP_SAT>",False,False,,0.0180816650390625,-1.7427615802535579,1.0,1.0,0.4160971939563751,0.0
0.024173154808041036,1.189207115002721,none,"ap_fixed<16,6,AP_RND,AP_SAT>",False,False,,0.0113677978515625,-1.9443236578372023,1.0,1.0,0.4147239923477173,0.0
0.03014162529877389,1.189207115002721,none,"ap_fixed<16,6,AP_RND,AP_SAT>",False,False,,0.007476806640625,-2.1262838505371,1.0,1.0,0.4117220938205719,0.0
0.037583740428844416,1.189207115002721,none,"ap_fixed<16,6,AP_RND,AP_SAT>",False,True,557.0,0.0048980712890625,-2.3099748981301604,1.0,1.0,0.42881864309310913,0.0
0.046863350287889544,1.189207115002721,none,"ap_fixed<16,6,AP_RND,AP_SAT>",False,True,435.0,0.00323486328125,-2.490144069560693,1.0,1.0,0.413642942905426,0.0
0.05843414133735175,1.189207115002721,none,"ap_fixed<16,6,AP_RND,AP_SAT>",False,True,350.0,0.002197265625,-2.6581174383307973,1.0,1.0,0.41498470306396484,0.0
0.07286181745132274,1.189207115002721,none,"ap_fixed<16,6,AP_RND,AP_SAT>",False,True,278.0,0.001495361328125,-2.8252538546407764,1.0,1.0,0.37171781063079834,0.0
0.09085175756516867,1.189207115002721,none,"ap_fixed<16,6,AP_RND,AP_SAT>",False,True,219.0,0.000946044921875,-3.024088240666382,1.0,1.0,0.3813784718513489,0.0
0.11328350213326084,1.189207115002721,none,"ap_fixed<16,6,AP_RND,AP_SAT>",False,True,175.0,0.00054931640625,-3.260177429065803,1.0,1.0,0.3850763142108917,0.0
0.1412537544622754,1.189207115002721,none,"ap_fixed<16,6,AP_RND,AP_SAT>",False,True,139.0,0.0004119873046875,-3.3851161654105666,1.0,1.0,0.3576832711696625,0.0
0.17612999928460507,1.189207115002721,none,"ap_fixed<16,6,AP_RND,AP_SAT>",False,True,111.0,0.000244140625,-3.612359946188904,1.0,1.0,0.3901536464691162,0.0
0.21961736002054355,1.189207115002721,none,"ap_fixed<16,6,AP_RND,AP_SAT>",False,True,89.0,0.0001373291015625,-3.8622374180219383,1.0,1.0,0.4720551669597626,0.0
0.27384196342643613,1.189207115002721,none,"ap_fixed<16,6,AP_RND,AP_SAT>",False,True,71.0,7.62939453125e-05,-4.117509920595296,1.0,1.0,0.3982160985469818,0.0
0.34145488738336005,1.189207115002721,none,"ap_fixed<16,6,AP_RND,AP_SAT>",False,True,57.0,6.103515625e-05,-4.214419932180256,1.0,1.0,0.4054424464702606,0.0
0.42576177390469155,1.189207115002721,none,"ap_fixed<16,6,AP_RND,AP_SAT>",False,True,45.0,3.0517578125e-05,-4.515449920728757,1.0,1.0,0.5076730847358704,0.0
0.5308844442309882,1.189207115002721,none,"ap_fixed<16,6,AP_RND,AP_SAT>",False,True,36.0,3.0517578125e-05,-4.515449920728757,1.0,1.0,0.5858500599861145,0.0
0.6619624174845152,1.189207115002721,none,"ap_fixed<16,6,AP_RND,AP_SAT>",False,True,29.0,1.52587890625e-05,-4.816479902161777,1.0,1.0,0.5144957900047302,0.0
0.8254041852680182,1.189207115002721,none,"ap_fixed<16,6,AP_RND,AP_SAT>",False,True,23.0,1.52587890625e-05,-4.816479902161777,1.0,1.0,0.5669467449188232,0.0
1.0292005271944276,1.189207115002721,none,"ap_fixed<16,6,AP_RND,AP_SAT>",False,True,18.0,0.0,-12.0,1.0,1.0,0.6708203554153442,0.0
1.2833151855576512,1.189207115002721,none,"ap_fixed<16,6,AP_RND,AP_SAT>",False,True,23.0,0.0001678466796875,-3.7750872428780267,1.0,1.0,0.9995241761207581,0.0
1.600171999495828,1.189207115002721,none,"ap_fixed<16,6,AP_RND,AP_SAT>",True,False,,1662.4864501953125,,1.0,1.0,0.9946933388710022,0.0
1.9952623149688795,1.189207115002721,none,"ap_fixed<16,6,AP_RND,AP_SAT>",True,False,,1027.917724609375,,1.0,1.0,0.9786363840103149,0.0
0.01,1.2599210498948732,none,"ap_fixed<16,6,AP_RND,AP_SAT>",False,False,,0.062164306640625,-1.2064589059525677,1.0,1.0,0.41346991062164307,0.0
0.012469049049711741,1.2599210498948732,none,"ap_fixed<16,6,AP_RND,AP_SAT>",False,False,,0.040191650390625,-1.3958641599871286,1.0,1.0,0.41323283314704895,0.0
0.015547718420411735,1.2599210498948732,none,"ap_fixed<16,6,AP_RND,AP_SAT>",False,False,,0.02557373046875,-1.5922059163124593,1.0,1.0,0.4203724265098572,0.0
0.019386526359522076,1.2599210498948732,none,"ap_fixed<16,6,AP_RND,AP_SAT>",False,False,,0.0163116455078125,-1.7875022253882964,1.0,1.0,0.4240225553512573,0.0
0.024173154808041036,1.2599210498948732,none,"ap_fixed<16,6,AP_RND,AP_SAT>",False,False,,0.0103302001953125,-1.9858912618965134,1.0,1.0,0.4127846956253052,0.0
0.03014162529877389,1.2599210498948732,none,"ap_fixed<16,6,AP_RND,AP_SAT>",False,False,,0.0069427490234375,-2.158468533904033,1.0,1.0,0.41526147723197937,0.0
0.037583740428844416,1.2599210498948732,none,"ap_fixed<16,6,AP_RND,AP_SAT>",False,True,502.0,0.0044097900390625,-2.355582087768667,1.0,1.0,0.4018346667289734,0.0
0.046863350287889544,1.2599210498948732,none,"ap_fixed<16,6,AP_RND,AP_SAT>",False,True,394.0,0.0030059814453125,-2.5220137043176294,1.0,1.0,0.38883280754089355,0.0
0.05843414133735175,1.2599210498948732,none,"ap_fixed<16,6,AP_RND,AP_SAT>",False,True,314.0,0.00201416015625,-2.6959059992022287,1.0,1.0,0.372235506772995,0.0
0.07286181745132274,1.2599210498948732,none,"ap_fixed<16,6,AP_RND,AP_SAT>",False,True,250.0,0.0013427734375,-2.8719972581500994,1.0,1.0,0.3811831772327423,0.0
0.09085175756516867,1.2599210498948732,none,"ap_fixed<16,6,AP_RND,AP_SAT>",False,True,197.0,0.0008697509765625,-3.0606050744518756,1.0,1.0,0.37558841705322266,0.0
0.11328350213326084,1.2599210498948732,none,"ap_fixed<16,6,AP_RND,AP_SAT>",False,True,157.0,0.000518798828125,-3.2850010127443285,1.0,1.0,0.3609675467014313,0.0
0.1412537544622754,1.2599210498948732,none,"ap_fixed<16,6,AP_RND,AP_SAT>",False,True,125.0,0.0003509521484375,-3.4547520933686315,1.0,1.0,0.3639126718044281,0.0
0.17612999928460507,1.2599210498948732,none,"ap_fixed<16,6,AP_RND,AP_SAT>",False,True,100.0,0.000213623046875,-3.6703518929124668,1.0,1.0,0.3674842119216919,0.0
0.21961736002054355,1.2599210498948732,none,"ap_fixed<16,6,AP_RND,AP_SAT>",False,True,79.0,0.0001220703125,-3.913389940074015,1.0,1.0,0.4057513475418091,0.0
0.27384196342643613,1.2599210498948732,none,"ap_fixed<16,6,AP_RND,AP_SAT>",False,True,64.0,6.103515625e-05,-4.214419932180256,1.0,1.0,0.4190790355205536,0.0
0.34145488738336005,1.2599210498948732,none,"ap_fixed<16,6,AP_RND,AP_SAT>",False,True,51.0,4.57763671875e-05,-4.339358666416729,1.0,1.0,0.4423258602619171,0.0
0.42576177390469155,1.2599210498948732,none,"ap_fixed<16,6,AP_RND,AP_SAT>",False,True,41.0,1.52587890625e-05,-4.816479902161777,1.0,1.0,0.49507376551628113,0.0
0.5308844442309882,1.2599210498948732,none,"ap_fixed<16,6,AP_RND,AP_SAT>",False,True,32.0,1.52587890625e-05,-4.816479902161777,1.0,1.0,0.4313310980796814,0.0
0.6619624174845152,1.2599210498948732,none,"ap_fixed<16,6,AP_RND,AP_SAT>",False,True,26.0,1.52587890625e-05,-4.816479902161777,1.0,1.0,0.6761233806610107,0.0
0.8254041852680182,1.2599210498948732,none,"ap_fixed<16,6,AP_RND,AP_SAT>",False,True,21.0,0.0,-12.0,1.0,1.0,0.5222330093383789,0.0
1.0292005271944276,1.2599210498948732,none,"ap_fixed<16,6,AP_RND,AP_SAT>",False,True,16.0,0.0,-12.0,1.0,1.0,0.7698003053665161,0.0
1.2833151855576512,1.2599210498948732,none,"ap_fixed<16,6,AP_RND,AP_SAT>",True,False,,1554.249755859375,,1.0,1.0,0.9979227781295776,0.0
1.600171999495828,1.2599210498948732,none,"ap_fixed<16,6,AP_RND,AP_SAT>",True,False,,1560.05224609375,,1.0,1.0,0.9882822036743164,0.0
1.9952623149688795,1.2599210498948732,none,"ap_fixed<16,6,AP_RND,AP_SAT>",True,False,,1249.24853515625,,1.0,1.0,0.9551082253456116,0.0
0.01,1.3348398541700344,none,"ap_fixed<16,6,AP_RND,AP_SAT>",False,False,,0.055389404296875,-1.256573305579746,1.0,1.0,0.41435688734054565,0.0
0.012469049049711741,1.3348398541700344,none,"ap_fixed<16,6,AP_RND,AP_SAT>",False,False,,0.03570556640625,-1.447264073201393,1.0,1.0,0.4193154275417328,0.0
0.015547718420411735,1.3348398541700344,none,"ap_fixed<16,6,AP_RND,AP_SAT>",False,False,,0.022613525390625,-1.6456317269611846,1.0,1.0,0.41597023606300354,0.0
0.019386526359522076,1.3348398541700344,none,"ap_fixed<16,6,AP_RND,AP_SAT>",False,False,,0.0144805908203125,-1.839213718166415,1.0,1.0,0.422839492559433,0.0
0.024173154808041036,1.3348398541700344,none,"ap_fixed<16,6,AP_RND,AP_SAT>",False,False,,0.0092926025390625,-2.031862637944088,1.0,1.0,0.40826669335365295,0.0
0.03014162529877389,1.3348398541700344,none,"ap_fixed<16,6,AP_RND,AP_SAT>",False,False,,0.00616455078125,-2.2100985654426437,1.0,1.0,0.4119144082069397,0.0
0.037583740428844416,1.3348398541700344,none,"ap_fixed<16,6,AP_RND,AP_SAT>",False,True,449.0,0.004119873046875,-2.385116166359297,1.0,1.0,0.4118553698062897,0.0
0.046863350287889544,1.3348398541700344,none,"ap_fixed<16,6,AP_RND,AP_SAT>",False,True,355.0,0.0028076171875,-2.551662107459478,1.0,1.0,0.40243032574653625,0.0
0.05843414133735175,1.3348398541700344,none,"ap_fixed<16,6,AP_RND,AP_SAT>",False,True,284.0,0.00189208984375,-2.7230582452319325,1.0,1.0,0.35730135440826416,0.0
0.07286181745132274,1.3348398541700344,none,"ap_fixed<16,6,AP_RND,AP_SAT>",False,True,224.0,0.00115966796875,-2.9356663379684087,1.0,1.0,0.3749365210533142,0.0
0.09085175756516867,1.3348398541700344,none,"ap_fixed<16,6,AP_RND,AP_SAT>",False,True,176.0,0.0007171630859375,-3.1443820720824087,1.0,1.0,0.3859690725803375,0.0
0.11328350213326084,1.3348398541700344,none,"ap_fixed<16,6,AP_RND,AP_SAT>",False,True,142.0,0.0004425048828125,-3.3540819317432975,1.0,1.0,0.40425530076026917,0.0
0.1412537544622754,1.3348398541700344,none,"ap_fixed<16,6,AP_RND,AP_SAT>",False,True,112.0,0.0002899169921875,-3.5377263281728744,1.0,1.0,0.3963873088359833,0.0
0.17612999928460507,1.3348398541700344,none,"ap_fixed<16,6,AP_RND,AP_SAT>",False,True,90.0,0.0001678466796875,-3.7750872428780267,1.0,1.0,0.39436909556388855,0.0
0.21961736002054355,1.3348398541700344,none,"ap_fixed<16,6,AP_RND,AP_SAT>",False,True,72.0,0.0001220703125,-3.913389940074015,1.0,1.0,0.49613896012306213,0.0
0.27384196342643613,1.3348398541700344,none,"ap_fixed<16,6,AP_RND,AP_SAT>",False,True,57.0,6.103515625e-05,-4.214419932180256,1.0,1.0,0.43708667159080505,0.0
0.34145488738336005,1.3348398541700344,none,"ap_fixed<16,6,AP_RND,AP_SAT>",False,True,46.0,4.57763671875e-05,-4.339358666416729,1.0,1.0,0.4576042890548706,0.0
0.42576177390469155,1.3348398541700344,none,"ap_fixed<16,6,AP_RND,AP_SAT>",False,True,36.0,3.0517578125e-05,-4.515449920728757,1.0,1.0,0.6985006928443909,0.0
0.5308844442309882,1.3348398541700344,none,"ap_fixed<16,6,AP_RND,AP_SAT>",False,True,29.0,1.52587890625e-05,-4.816479902161777,1.0,1.0,0.5488213300704956,0.0
0.6619624174845152,1.3348398541700344,none,"ap_fixed<16,6,AP_RND,AP_SAT>",False,True,23.0,1.52587890625e-05,-4.816479902161777,1.0,1.0,0.860945999622345,0.0
0.8254041852680182,1.3348398541700344,none,"ap_fixed<16,6,AP_RND,AP_SAT>",False,True,18.0,0.0,-12.0,1.0,1.0,0.8488746881484985,0.0
1.0292005271944276,1.3348398541700344,none,"ap_fixed<16,6,AP_RND,AP_SAT>",False,True,83.0,0.00323486328125,-2.490144069560693,1.0,1.0,0.9999696612358093,0.0
1.2833151855576512,1.3348398541700344,none,"ap_fixed<16,6,AP_RND,AP_SAT>",True,False,,2035.6883544921875,,1.0,1.0,0.9929088950157166,0.0
1.600171999495828,1.3348398541700344,none,"ap_fixed<16,6,AP_RND,AP_SAT>",True,False,,2588.04150390625,,1.0,1.0,0.966653048992157,0.0
1.9952623149688795,1.3348398541700344,none,"ap_fixed<16,6,AP_RND,AP_SAT>",True,False,,2118.44091796875,,1.0,1.0,0.9173933267593384,0.0
0.01,1.4142135623730951,none,"ap_fixed<16,6,AP_RND,AP_SAT>",False,False,,0.0493011474609375,-1.307142972597246,1.0,1.0,0.41415414214134216,0.0
0.012469049049711741,1.4142135623730951,none,"ap_fixed<16,6,AP_RND,AP_SAT>",False,False,,0.0317840576171875,-1.4977906606622893,1.0,1.0,0.4142330586910248,0.0
0.015547718420411735,1.4142135623730951,none,"ap_fixed<16,6,AP_RND,AP_SAT>",False,False,,0.0202789306640625,-1.692954949659551,1.0,1.0,0.419330894947052,0.0
0.019386526359522076,1.4142135623730951,none,"ap_fixed<16,6,AP_RND,AP_SAT>",False,False,,0.0129241943359375,-1.888596520259389,1.0,1.0,0.4173949360847473,0.0
0.024173154808041036,1.4142135623730951,none,"ap_fixed<16,6,AP_RND,AP_SAT>",False,False,,0.0086212158203125,-2.0644314827538857,1.0,1.0,0.41478431224823,0.0
0.03014162529877389,1.4142135623730951,none,"ap_fixed<16,6,AP_RND,AP_SAT>",False,False,,0.005706787109375,-2.2436083283471175,1.0,1.0,0.3996543288230896,0.0
0.037583740428844416,1.4142135623730951,none,"ap_fixed<16,6,AP_RND,AP_SAT>",False,True,404.0,0.003875732421875,-2.4116462138917063,1.0,1.0,0.3767666220664978,0.0
0.046863350287889544,1.4142135623730951,none,"ap_fixed<16,6,AP_RND,AP_SAT>",False,True,322.0,0.0026702880859375,-2.573441881774765,1.0,1.0,0.3802514970302582,0.0
0.05843414133735175,1.4142135623730951,none,"ap_fixed<16,6,AP_RND,AP_SAT>",False,True,254.0,0.00164794921875,-2.783056174873213,1.0,1.0,0.3931722939014435,0.0
0.07286181745132274,1.4142135623730951,none,"ap_fixed<16,6,AP_RND,AP_SAT>",False,True,199.0,0.0011138916015625,-2.953157070113354,1.0,1.0,0.40768301486968994,0.0
0.09085175756516867,1.4142135623730951,none,"ap_fixed<16,6,AP_RND,AP_SAT>",False,True,159.0,0.0006866455078125,-3.1632674162158683,1.0,1.0,0.42423900961875916,0.0
0.11328350213326084,1.4142135623730951,none,"ap_fixed<16,6,AP_RND,AP_SAT>",False,True,127.0,0.0004425048828125,-3.3540819317432975,1.0,1.0,0.4499175250530243,0.0
0.1412537544622754,1.4142135623730951,none,"ap_fixed<16,6,AP_RND,AP_SAT>",False,True,101.0,0.0002899169921875,-3.5377263281728744,1.0,1.0,0.4569057524204254,0.0
0.17612999928460507,1.4142135623730951,none,"ap_fixed<16,6,AP_RND,AP_SAT>",False,True,80.0,0.0001678466796875,-3.7750872428780267,1.0,1.0,0.4146355986595154,0.0
0.21961736002054355,1.4142135623730951,none,"ap_fixed<16,6,AP_RND,AP_SAT>",False,True,64.0,0.0001068115234375,-3.9713818865434534,1.0,1.0,0.5192908048629761,0.0
0.27384196342643613,1.4142135623730951,none,"ap_fixed<16,6,AP_RND,AP_SAT>",False,True,51.0,4.57763671875e-05,-4.339358666416729,1.0,1.0,0.405499130487442,0.0
0.34145488738336005,1.4142135623730951,none,"ap_fixed<16,6,AP_RND,AP_SAT>",False,True,41.0,3.0517578125e-05,-4.515449920728757,1.0,1.0,0.6882471442222595,0.0
0.42576177390469155,1.4142135623730951,none,"ap_fixed<16,6,AP_RND,AP_SAT>",False,True,33.0,1.52587890625e-05,-4.816479902161777,1.0,1.0,0.7134772539138794,0.0
0.5308844442309882,1.4142135623730951,none,"ap_fixed<16,6,AP_RND,AP_SAT>",False,True,26.0,1.52587890625e-05,-4.816479902161777,1.0,1.0,0.4618802070617676,0.0
0.6619624174845152,1.4142135623730951,none,"ap_fixed<16,6,AP_RND,AP_SAT>",False,True,21.0,1.52587890625e-05,-4.816479902161777,1.0,1.0,0.6000000238418579,0.0
0.8254041852680182,1.4142135623730951,none,"ap_fixed<16,6,AP_RND,AP_SAT>",False,True,17.0,0.0,-12.0,1.0,1.0,0.5773503184318542,0.0
1.0292005271944276,1.4142135623730951,none,"ap_fixed<16,6,AP_RND,AP_SAT>",True,False,,1946.666259765625,,1.0,1.0,0.9959269762039185,0.0
1.2833151855576512,1.4142135623730951,none,"ap_fixed<16,6,AP_RND,AP_SAT>",True,False,,2616.288818359375,,1.0,1.0,0.9731317162513733,0.0
1.600171999495828,1.4142135623730951,none,"ap_fixed<16,6,AP_RND,AP_SAT>",True,False,,2329.144775390625,,1.0,1.0,0.9653323888778687,0.0
1.9952623149688795,1.4142135623730951,none,"ap_fixed<16,6,AP_RND,AP_SAT>",True,False,,3166.26318359375,,1.0,1.0,0.9489826560020447,0.0
0.01,1.4983070768766815,none,"ap_fixed<16,6,AP_RND,AP_SAT>",False,False,,0.0437469482421875,-1.359052237667287,1.0,1.0,0.4157397747039795,0.0
0.012469049049711741,1.4983070768766815,none,"ap_fixed<16,6,AP_RND,AP_SAT>",False,False,,0.0282745361328125,-1.5486045112894418,1.0,1.0,0.4174683690071106,0.0
0.015547718420411735,1.4983070768766815,none,"ap_fixed<16,6,AP_RND,AP_SAT>",False,False,,0.0183563232421875,-1.7362143032601953,1.0,1.0,0.41393131017684937,0.0
0.019386526359522076,1.4983070768766815,none,"ap_fixed<16,6,AP_RND,AP_SAT>",False,False,,0.011688232421875,-1.9322511609539386,1.0,1.0,0.4048183262348175,0.0
0.024173154808041036,1.4983070768766815,none,"ap_fixed<16,6,AP_RND,AP_SAT>",False,False,,0.0078277587890625,-2.1063625654564015,1.0,1.0,0.3952932357788086,0.0
0.03014162529877389,1.4983070768766815,none,"ap_fixed<16,6,AP_RND,AP_SAT>",False,False,,0.00537109375,-2.2699372670647104,1.0,1.0,0.39828601479530334,0.0
0.037583740428844416,1.4983070768766815,none,"ap_fixed<16,6,AP_RND,AP_SAT>",False,True,363.0,0.0036163330078125,-2.441731584493503,1.0,1.0,0.3912048637866974,0.0
0.046863350287889544,1.4983070768766815,none,"ap_fixed<16,6,AP_RND,AP_SAT>",False,True,290.0,0.0024871826171875,-2.6042923260451283,1.0,1.0,0.39107194542884827,0.0
0.05843414133735175,1.4983070768766815,none,"ap_fixed<16,6,AP_RND,AP_SAT>",False,True,228.0,0.0013885498046875,-2.8574385379898373,1.0,1.0,0.36878177523612976,0.0
0.07286181745132274,1.4983070768766815,none,"ap_fixed<16,6,AP_RND,AP_SAT>",False,True,179.0,0.0009002685546875,-3.0456279184991493,1.0,1.0,0.3931141793727875,0.0
0.09085175756516867,1.4983070768766815,none,"ap_fixed<16,6,AP_RND,AP_SAT>",False,True,142.0,0.0005645751953125,-3.248278205787463,1.0,1.0,0.36051833629608154,0.0
0.11328350213326084,1.4983070768766815,none,"ap_fixed<16,6,AP_RND,AP_SAT>",False,True,114.0,0.000335693359375,-3.474057248507769,1.0,1.0,0.3881077170372009,0.0
0.1412537544622754,1.4983070768766815,none,"ap_fixed<16,6,AP_RND,AP_SAT>",False,True,90.0,0.0002288818359375,-3.6403886696705565,1.0,1.0,0.370349645614624,0.0
0.17612999928460507,1.4983070768766815,none,"ap_fixed<16,6,AP_RND,AP_SAT>",False,True,72.0,0.0001220703125,-3.913389940074015,1.0,1.0,0.3753151595592499,0.0
0.21961736002054355,1.4983070768766815,none,"ap_fixed<16,6,AP_RND,AP_SAT>",False,True,58.0,7.62939453125e-05,-4.117509920595296,1.0,1.0,0.47245562076568604,0.0
0.27384196342643613,1.4983070768766815,none,"ap_fixed<16,6,AP_RND,AP_SAT>",False,True,46.0,3.0517578125e-05,-4.515449920728757,1.0,1.0,0.4740998446941376,0.0
0.34145488738336005,1.4983070768766815,none,"ap_fixed<16,6,AP_RND,AP_SAT>",False,True,37.0,3.0517578125e-05,-4.515449920728757,1.0,1.0,0.5443310737609863,0.0
0.42576177390469155,1.4983070768766815,none,"ap_fixed<16,6,AP_RND,AP_SAT>",False,True,29.0,1.52587890625e-05,-4.816479902161777,1.0,1.0,0.5735393166542053,0.0
0.5308844442309882,1.4983070768766815,none,"ap_fixed<16,6,AP_RND,AP_SAT>",False,True,23.0,1.52587890625e-05,-4.816479902161777,1.0,1.0,0.5443310737609863,0.0
0.6619624174845152,1.4983070768766815,none,"ap_fixed<16,6,AP_RND,AP_SAT>",False,True,19.0,1.52587890625e-05,-4.816479902161777,1.0,1.0,0.44721361994743347,0.0
0.8254041852680182,1.4983070768766815,none,"ap_fixed<16,6,AP_RND,AP_SAT>",True,False,,2458.9140625,,1.0,1.0,0.9999895691871643,0.0
1.0292005271944276,1.4983070768766815,none,"ap_fixed<16,6,AP_RND,AP_SAT>",True,False,,1795.7730712890625,,1.0,1.0,0.9892600774765015,0.0
1.2833151855576512,1.4983070768766815,none,"ap_fixed<16,6,AP_RND,AP_SAT>",True,False,,2545.905029296875,,1.0,1.0,0.9741470217704773,0.0
1.600171999495828,1.4983070768766815,none,"ap_fixed<16,6,AP_RND,AP_SAT>",True,False,,3207.140869140625,,1.0,1.0,0.9493180513381958,0.0
1.9952623149688795,1.4983070768766815,none,"ap_fixed<16,6,AP_RND,AP_SAT>",True,False,,1896.4342041015625,,1.0,1.0,0.9316078424453735,0.0
0.01,1.5874010519681994,none,"ap_fixed<16,6,AP_RND,AP_SAT>",False,False,,0.039276123046875,-1.4058713880442737,1.0,1.0,0.41373828053474426,0.0
0.012469049049711741,1.5874010519681994,none,"ap_fixed<16,6,AP_RND,AP_SAT>",False,False,,0.0253753662109375,-1.595587681387065,1.0,1.0,0.40866702795028687,0.0
0.015547718420411735,1.5874010519681994,none,"ap_fixed<16,6,AP_RND,AP_SAT>",False,False,,0.0164794921875,-1.7830561751103957,1.0,1.0,0.4076615273952484,0.0
0.019386526359522076,1.5874010519681994,none,"ap_fixed<16,6,AP_RND,AP_SAT>",False,False,,0.010833740234375,-1.9652215818645367,1.0,1.0,0.398347944021225,0.0
0.024173154808041036,1.5874010519681994,none,"ap_fixed<16,6,AP_RND,AP_SAT>",False,False,,0.0073089599609375,-2.1361444171497164,1.0,1.0,0.39917615056037903,0.0
0.03014162529877389,1.5874010519681994,none,"ap_fixed<16,6,AP_RND,AP_SAT>",False,True,425.0,0.004913330078125,-2.3086240588394773,1.0,1.0,0.3872371017932892,0.0
0.037583740428844416,1.5874010519681994,none,"ap_fixed<16,6,AP_RND,AP_SAT>",False,True,328.0,0.0030670166015625,-2.5132838730616087,1.0,1.0,0.3651787042617798,0.0
0.046863350287889544,1.5874010519681994,none,"ap_fixed<16,6,AP_RND,AP_SAT>",False,True,259.0,0.0020599365234375,-2.686146161917864,1.0,1.0,0.3524189591407776,0.0
0.05843414133735175,1.5874010519681994,none,"ap_fixed<16,6,AP_RND,AP_SAT>",False,True,203.0,0.0012969970703125,-2.8870610045745604,1.0,1.0,0.37951549887657166,0.0
0.07286181745132274,1.5874010519681994,none,"ap_fixed<16,6,AP_RND,AP_SAT>",False,True,161.0,0.0007781982421875,-3.1089097539676858,1.0,1.0,0.37882834672927856,0.0
0.09085175756516867,1.5874010519681994,none,"ap_fixed<16,6,AP_RND,AP_SAT>",False,True,128.0,0.00048828125,-3.311329951414358,1.0,1.0,0.3832269012928009,0.0
0.11328350213326084,1.5874010519681994,none,"ap_fixed<16,6,AP_RND,AP_SAT>",False,True,102.0,0.0002899169921875,-3.5377263281728744,1.0,1.0,0.39774757623672485,0.0
0.1412537544622754,1.5874010519681994,none,"ap_fixed<16,6,AP_RND,AP_SAT>",False,True,81.0,0.0001983642578125,-3.7025365761274838,1.0,1.0,0.38159748911857605,0.0
0.17612999928460507,1.5874010519681994,none,"ap_fixed<16,6,AP_RND,AP_SAT>",False,True,65.0,0.0001068115234375,-3.9713818865434534,1.0,1.0,0.40740740299224854,0.0
0.21961736002054355,1.5874010519681994,none,"ap_fixed<16,6,AP_RND,AP_SAT>",False,True,52.0,7.62939453125e-05,-4.117509920595296,1.0,1.0,0.4381079375743866,0.0
0.27384196342643613,1.5874010519681994,none,"ap_fixed<16,6,AP_RND,AP_SAT>",False,True,42.0,3.0517578125e-05,-4.515449920728757,1.0,1.0,0.4556611478328705,0.0
0.34145488738336005,1.5874010519681994,none,"ap_fixed<16,6,AP_RND,AP_SAT>",False,True,33.0,1.52587890625e-05,-4.816479902161777,1.0,1.0,0.45749571919441223,0.0
0.42576177390469155,1.5874010519681994,none,"ap_fixed<16,6,AP_RND,AP_SAT>",False,True,26.0,1.52587890625e-05,-4.816479902161777,1.0,1.0,0.8488747477531433,0.0
0.5308844442309882,1.5874010519681994,none,"ap_fixed<16,6,AP_RND,AP_SAT>",False,True,21.0,1.52587890625e-05,-4.816479902161777,1.0,1.0,0.49613896012306213,0.0
0.6619624174845152,1.5874010519681994,none,"ap_fixed<16,6,AP_RND,AP_SAT>",False,True,17.0,0.0,-12.0,1.0,1.0,0.7826237678527832,0.0
0.8254041852680182,1.5874010519681994,none,"ap_fixed<16,6,AP_RND,AP_SAT>",True,False,,2932.021240234375,,1.0,1.0,0.9972156882286072,0.0
1.0292005271944276,1.5874010519681994,none,"ap_fixed<16,6,AP_RND,AP_SAT>",True,False,,2438.943359375,,1.0,1.0,0.9843752384185791,0.0
1.2833151855576512,1.5874010519681994,none,"ap_fixed<16,6,AP_RND,AP_SAT>",True,False,,2274.26806640625,,1.0,1.0,0.9780144691467285,0.0
1.600171999495828,1.5874010519681994,none,"ap_fixed<16,6,AP_RND,AP_SAT>",True,False,,3679.300048828125,,1.0,1.0,0.9446191787719727,0.0
1.9952623149688795,1.5874010519681994,none,"ap_fixed<16,6,AP_RND,AP_SAT>",True,False,,1172.9730224609375,,1.0,1.0,0.9447606801986694,0.0
0.01,1.681792830507429,none,"ap_fixed<16,6,AP_RND,AP_SAT>",False,False,,0.0355377197265625,-1.4493104420767977,1.0,1.0,0.4126647412776947,0.0
0.012469049049711741,1.681792830507429,none,"ap_fixed<16,6,AP_RND,AP_SAT>",False,False,,0.0230560302734375,-1.6372154662658374,1.0,1.0,0.41217148303985596,0.0
0.015547718420411735,1.681792830507429,none,"ap_fixed<16,6,AP_RND,AP_SAT>",False,False,,0.0147552490234375,-1.8310534565112642,1.0,1.0,0.40049704909324646,0.0
0.019386526359522076,1.681792830507429,none,"ap_fixed<16,6,AP_RND,AP_SAT>",False,False,,0.0099029541015625,-2.004235233779475,1.0,1.0,0.4016578495502472,0.0
0.024173154808041036,1.681792830507429,none,"ap_fixed<16,6,AP_RND,AP_SAT>",False,False,,0.006866455078125,-2.1632674167851067,1.0,1.0,0.39349365234375,0.0
0.03014162529877389,1.681792830507429,none,"ap_fixed<16,6,AP_RND,AP_SAT>",False,True,384.0,0.00457763671875,-2.3393586758091636,1.0,1.0,0.3597370386123657,0.0
0.037583740428844416,1.681792830507429,none,"ap_fixed<16,6,AP_RND,AP_SAT>",False,True,294.0,0.0028533935546875,-2.5446383239349974,1.0,1.0,0.3657929003238678,0.0
0.046863350287889544,1.681792830507429,none,"ap_fixed<16,6,AP_RND,AP_SAT>",False,True,230.0,0.0017852783203125,-2.7482940686342734,1.0,1.0,0.36329951882362366,0.0
0.05843414133735175,1.681792830507429,none,"ap_fixed<16,6,AP_RND,AP_SAT>",False,True,183.0,0.0010833740234375,-2.9652215815037515,1.0,1.0,0.367666631937027,0.0
0.07286181745132274,1.681792830507429,none,"ap_fixed<16,6,AP_RND,AP_SAT>",False,True,144.0,0.0007171630859375,-3.1443820720824087,1.0,1.0,0.3764924108982086,0.0
0.09085175756516867,1.681792830507429,none,"ap_fixed<16,6,AP_RND,AP_SAT>",False,True,115.0,0.000457763671875,-3.339358674955306,1.0,1.0,0.37945324182510376,0.0
0.11328350213326084,1.681792830507429,none,"ap_fixed<16,6,AP_RND,AP_SAT>",False,True,91.0,0.000244140625,-3.612359946188904,1.0,1.0,0.43905702233314514,0.0
0.1412537544622754,1.681792830507429,none,"ap_fixed<16,6,AP_RND,AP_SAT>",False,True,73.0,0.0001678466796875,-3.7750872428780267,1.0,1.0,0.3823082447052002,0.0
0.17612999928460507,1.681792830507429,none,"ap_fixed<16,6,AP_RND,AP_SAT>",False,True,58.0,0.0001068115234375,-3.9713818865434534,1.0,1.0,0.3933591842651367,0.0
0.21961736002054355,1.681792830507429,none,"ap_fixed<16,6,AP_RND,AP_SAT>",False,True,47.0,6.103515625e-05,-4.214419932180256,1.0,1.0,0.41425859928131104,0.0
0.27384196342643613,1.681792830507429,none,"ap_fixed<16,6,AP_RND,AP_SAT>",False,True,37.0,3.0517578125e-05,-4.515449920728757,1.0,1.0,0.4375,0.0
0.34145488738336005,1.681792830507429,none,"ap_fixed<16,6,AP_RND,AP_SAT>",False,True,30.0,1.52587890625e-05,-4.816479902161777,1.0,1.0,0.6478341817855835,0.0
0.42576177390469155,1.681792830507429,none,"ap_fixed<16,6,AP_RND,AP_SAT>",False,True,24.0,1.52587890625e-05,-4.816479902161777,1.0,1.0,0.7396002411842346,0.0
0.5308844442309882,1.681792830507429,none,"ap_fixed<16,6,AP_RND,AP_SAT>",False,True,19.0,0.0,-12.0,1.0,1.0,0.5812382102012634,0.0
0.6619624174845152,1.681792830507429,none,"ap_fixed<16,6,AP_RND,AP_SAT>",True,False,,3114.569091796875,,1.0,1.0,0.9999434351921082,0.0
0.8254041852680182,1.681792830507429,none,"ap_fixed<16,6,AP_RND,AP_SAT>",True,False,,3919.378173828125,,1.0,1.0,0.9920772910118103,0.0
1.0292005271944276,1.681792830507429,none,"ap_fixed<16,6,AP_RND,AP_SAT>",True,False,,3450.200439453125,,1.0,1.0,0.9794464111328125,0.0
1.2833151855576512,1.681792830507429,none,"ap_fixed<16,6,AP_RND,AP_SAT>",True,False,,4402.93017578125,,1.0,1.0,0.9861486554145813,0.0
1.600171999495828,1.681792830507429,none,"ap_fixed<16,6,AP_RND,AP_SAT>",True,False,,1597.4368896484375,,1.0,1.0,0.985821545124054,0.0
1.9952623149688795,1.681792830507429,none,"ap_fixed<16,6,AP_RND,AP_SAT>",True,False,,3550.50048828125,,1.0,1.0,0.9489309191703796,0.0
0.01,1.7817974362806785,none,"ap_fixed<16,6,AP_RND,AP_SAT>",False,False,,0.0318450927734375,-1.4969574815446074,1.0,1.0,0.4034275412559509,0.0
0.012469049049711741,1.7817974362806785,none,"ap_fixed<16,6,AP_RND,AP_SAT>",False,False,,0.0208282470703125,-1.681347279226073,1.0,1.0,0.4067499339580536,0.0
0.015547718420411735,1.7817974362806785,none,"ap_fixed<16,6,AP_RND,AP_SAT>",False,False,,0.0139007568359375,-1.8569615536194584,1.0,1.0,0.41088593006134033,0.0
0.019386526359522076,1.7817974362806785,none,"ap_fixed<16,6,AP_RND,AP_SAT>",False,False,,0.0093231201171875,-2.0304387203345624,1.0,1.0,0.39340683817863464,0.0
0.024173154808041036,1.7817974362806785,none,"ap_fixed<16,6,AP_RND,AP_SAT>",False,False,,0.0063323974609375,-2.1984318338430233,1.0,1.0,0.36159899830818176,0.0
0.03014162529877389,1.7817974362806785,none,"ap_fixed<16,6,AP_RND,AP_SAT>",False,True,337.0,0.0040435791015625,-2.393234056579488,1.0,1.0,0.3624110817909241,0.0
0.037583740428844416,1.7817974362806785,none,"ap_fixed<16,6,AP_RND,AP_SAT>",False,True,263.0,0.002532958984375,-2.5963718424121867,1.0,1.0,0.3553650677204132,0.0
0.046863350287889544,1.7817974362806785,none,"ap_fixed<16,6,AP_RND,AP_SAT>",False,True,207.0,0.00164794921875,-2.783056174873213,1.0,1.0,0.3931480050086975,0.0
0.05843414133735175,1.7817974362806785,none,"ap_fixed<16,6,AP_RND,AP_SAT>",False,True,163.0,0.0009765625,-3.0102999561950945,1.0,1.0,0.36230936646461487,0.0
0.07286181745132274,1.7817974362806785,none,"ap_fixed<16,6,AP_RND,AP_SAT>",False,True,129.0,0.0006103515625,-3.2144199385841885,1.0,1.0,0.3920399844646454,0.0
0.09085175756516867,1.7817974362806785,none,"ap_fixed<16,6,AP_RND,AP_SAT>",False,True,104.0,0.0003814697265625,-3.418539920813185,1.0,1.0,0.4564485251903534,0.0
0.11328350213326084,1.7817974362806785,none,"ap_fixed<16,6,AP_RND,AP_SAT>",False,True,82.0,0.000213623046875,-3.6703518929124668,1.0,1.0,0.3989247679710388,0.0
0.1412537544622754,1.7817974362806785,none,"ap_fixed<16,6,AP_RND,AP_SAT>",False,True,66.0,0.0001373291015625,-3.8622374180219383,1.0,1.0,0.40566930174827576,0.0
0.17612999928460507,1.7817974362806785,none,"ap_fixed<16,6,AP_RND,AP_SAT>",False,True,53.0,7.62939453125e-05,-4.117509920595296,1.0,1.0,0.4970674216747284,0.0
0.21961736002054355,1.7817974362806785,none,"ap_fixed<16,6,AP_RND,AP_SAT>",False,True,42.0,4.57763671875e-05,-4.339358666416729,1.0,1.0,0.4657464325428009,0.0
0.27384196342643613,1.7817974362806785,none,"ap_fixed<16,6,AP_RND,AP_SAT>",False,True,33.0,1.52587890625e-05,-4.816479902161777,1.0,1.0,0.48890119791030884,0.0
0.34145488738336005,1.7817974362806785,none,"ap_fixed<16,6,AP_RND,AP_SAT>",False,True,27.0,1.52587890625e-05,-4.816479902161777,1.0,1.0,0.6976331472396851,0.0
0.42576177390469155,1.7817974362806785,none,"ap_fixed<16,6,AP_RND,AP_SAT>",False,True,21.0,1.52587890625e-05,-4.816479902161777,1.0,1.0,0.7293249368667603,0.0
0.5308844442309882,1.7817974362806785,none,"ap_fixed<16,6,AP_RND,AP_SAT>",False,True,17.0,0.0,-12.0,1.0,1.0,0.5121474862098694,0.0
0.6619624174845152,1.7817974362806785,none,"ap_fixed<16,6,AP_RND,AP_SAT>",True,False,,3512.224609375,,1.0,1.0,0.9962805509567261,0.0
0.8254041852680182,1.7817974362806785,none,"ap_fixed<16,6,AP_RND,AP_SAT>",True,False,,3819.50439453125,,1.0,1.0,0.9676204919815063,0.0
1.0292005271944276,1.7817974362806785,none,"ap_fixed<16,6,AP_RND,AP_SAT>",True,False,,2836.805419921875,,1.0,1.0,0.9559125900268555,0.0
1.2833151855576512,1.7817974362806785,none,"ap_fixed<16,6,AP_RND,AP_SAT>",True,False,,3224.17138671875,,1.0,1.0,0.9351374506950378,0.0
1.600171999495828,1.7817974362806785,none,"ap_fixed<16,6,AP_RND,AP_SAT>",True,False,,2132.62744140625,,1.0,1.0,0.9558996558189392,0.0
1.9952623149688795,1.7817974362806785,none,"ap_fixed<16,6,AP_RND,AP_SAT>",True,False,,6803.53076171875,,1.0,1.0,0.9272651672363281,0.0
0.01,1.8877486253633868,none,"ap_fixed<16,6,AP_RND,AP_SAT>",False,False,,0.029052734375,-1.536812986560295,1.0,1.0,0.4058402180671692,0.0
0.012469049049711741,1.8877486253633868,none,"ap_fixed<16,6,AP_RND,AP_SAT>",False,False,,0.018768310546875,-1.7265748191611614,1.0,1.0,0.3948432207107544,0.0
0.015547718420411735,1.8877486253633868,none,"ap_fixed<16,6,AP_RND,AP_SAT>",False,False,,0.01263427734375,-1.8984495938044446,1.0,1.0,0.39739927649497986,0.0
0.019386526359522076,1.8877486253633868,none,"ap_fixed<16,6,AP_RND,AP_SAT>",False,False,,0.00860595703125,-2.0652008265898925,1.0,1.0,0.3697377145290375,0.0
0.024173154808041036,1.8877486253633868,none,"ap_fixed<16,6,AP_RND,AP_SAT>",False,False,,0.0054779052734375,-2.261385481966099,1.0,1.0,0.3753383159637451,0.0
0.03014162529877389,1.8877486253633868,none,"ap_fixed<16,6,AP_RND,AP_SAT>",False,True,297.0,0.003448486328125,-2.4623714913503605,1.0,1.0,0.36486372351646423,0.0
0.037583740428844416,1.8877486253633868,none,"ap_fixed<16,6,AP_RND,AP_SAT>",False,True,236.0,0.00213623046875,-2.670351894742162,1.0,1.0,0.4017173647880554,0.0
0.046863350287889544,1.8877486253633868,none,"ap_fixed<16,6,AP_RND,AP_SAT>",False,True,186.0,0.0013275146484375,-2.876960677677932,1.0,1.0,0.3769887685775757,0.0
0.05843414133735175,1.8877486253633868,none,"ap_fixed<16,6,AP_RND,AP_SAT>",False,True,146.0,0.0008392333984375,-3.076117240611966,1.0,1.0,0.408223420381546,0.0
0.07286181745132274,1.8877486253633868,none,"ap_fixed<16,6,AP_RND,AP_SAT>",False,True,117.0,0.000579833984375,-3.236696333257891,1.0,1.0,0.3834896981716156,0.0
0.09085175756516867,1.8877486253633868,none,"ap_fixed<16,6,AP_RND,AP_SAT>",False,True,93.0,0.0003509521484375,-3.4547520933686315,1.0,1.0,0.38227641582489014,0.0
0.11328350213326084,1.8877486253633868,none,"ap_fixed<16,6,AP_RND,AP_SAT>",False,True,74.0,0.000213623046875,-3.6703518929124668,1.0,1.0,0.47325631976127625,0.0
0.1412537544622754,1.8877486253633868,none,"ap_fixed<16,6,AP_RND,AP_SAT>",False,True,59.0,0.0001068115234375,-3.9713818865434534,1.0,1.0,0.4269959628582001,0.0
0.17612999928460507,1.8877486253633868,none,"ap_fixed<16,6,AP_RND,AP_SAT>",False,True,47.0,6.103515625e-05,-4.214419932180256,1.0,1.0,0.4435327351093292,0.0
0.21961736002054355,1.8877486253633868,none,"ap_fixed<16,6,AP_RND,AP_SAT>",False,True,38.0,3.0517578125e-05,-4.515449920728757,1.0,1.0,0.5015503764152527,0.0
0.27384196342643613,1.8877486253633868,none,"ap_fixed<16,6,AP_RND,AP_SAT>",False,True,30.0,1.52587890625e-05,-4.816479902161777,1.0,1.0,0.7010682225227356,0.0
0.34145488738336005,1.8877486253633868,none,"ap_fixed<16,6,AP_RND,AP_SAT>",False,True,24.0,1.52587890625e-05,-4.816479902161777,1.0,1.0,0.7480659484863281,0.0
0.42576177390469155,1.8877486253633868,none,"ap_fixed<16,6,AP_RND,AP_SAT>",False,True,19.0,0.0,-12.0,1.0,1.0,0.5241424441337585,0.0
0.5308844442309882,1.8877486253633868,none,"ap_fixed<16,6,AP_RND,AP_SAT>",True,False,,3969.950927734375,,1.0,1.0,0.9998548626899719,0.0
0.6619624174845152,1.8877486253633868,none,"ap_fixed<16,6,AP_RND,AP_SAT>",True,False,,3541.157958984375,,1.0,1.0,0.9878441095352173,0.0
0.8254041852680182,1.8877486253633868,none,"ap_fixed<16,6,AP_RND,AP_SAT>",True,False,,4676.66455078125,,1.0,1.0,0.9598087072372437,0.0
1.0292005271944276,1.8877486253633868,none,"ap_fixed<16,6,AP_RND,AP_SAT>",True,False,,6438.79296875,,1.0,1.0,0.9663255214691162,0.0
1.2833151855576512,1.8877486253633868,none,"ap_fixed<16,6,AP_RND,AP_SAT>",True,False,,1444.672119140625,,1.0,1.0,0.9678821563720703,0.0
1.600171999495828,1.8877486253633868,none,"ap_fixed<16,6,AP_RND,AP_SAT>",True,False,,6055.43505859375,,1.0,1.0,0.913395345211029,0.0
1.9952623149688795,1.8877486253633868,none,"ap_fixed<16,6,AP_RND,AP_SAT>",True,False,,9636.7783203125,,1.0,1.0,0.9596770405769348,0.0
0.01,2.0,none,"ap_fixed<16,6,AP_RND,AP_SAT>",False,False,,0.0260009765625,-1.585010340176315,1.0,1.0,0.39431583881378174,0.0
0.012469049049711741,2.0,none,"ap_fixed<16,6,AP_RND,AP_SAT>",False,False,,0.0171051025390625,-1.7668743180033362,1.0,1.0,0.401835173368454,0.0
0.015547718420411735,2.0,none,"ap_fixed<16,6,AP_RND,AP_SAT>",False,False,,0.0115509033203125,-1.937384051086028,1.0,1.0,0.3782486617565155,0.0
0.019386526359522076,2.0,none,"ap_fixed<16,6,AP_RND,AP_SAT>",False,False,,0.0076751708984375,-2.1149119455111873,1.0,1.0,0.37005525827407837,0.0
0.024173154808041036,2.0,none,"ap_fixed<16,6,AP_RND,AP_SAT>",False,False,,0.005126953125,-2.290140653149147,1.0,1.0,0.37684690952301025,0.0
0.03014162529877389,2.0,none,"ap_fixed<16,6,AP_RND,AP_SAT>",False,True,266.0,0.0032196044921875,-2.492197475191116,1.0,1.0,0.40182986855506897,0.0
0.037583740428844416,2.0,none,"ap_fixed<16,6,AP_RND,AP_SAT>",False,True,210.0,0.001922607421875,-2.716109385280248,1.0,1.0,0.39702752232551575,0.0
0.046863350287889544,2.0,none,"ap_fixed<16,6,AP_RND,AP_SAT>",False,True,167.0,0.00128173828125,-2.892200644222985,1.0,1.0,0.43910396099090576,0.0
0.05843414133735175,2.0,none,"ap_fixed<16,6,AP_RND,AP_SAT>",False,True,131.0,0.00079345703125,-3.1004765864415553,1.0,1.0,0.39077481627464294,0.0
0.07286181745132274,2.0,none,"ap_fixed<16,6,AP_RND,AP_SAT>",False,True,105.0,0.00042724609375,-3.3693218982649826,1.0,1.0,0.3831811547279358,0.0
0.09085175756516867,2.0,none,"ap_fixed<16,6,AP_RND,AP_SAT>",False,True,84.0,0.0002593994140625,-3.5860310075711945,1.0,1.0,0.3902968168258667,0.0
0.11328350213326084,2.0,none,"ap_fixed<16,6,AP_RND,AP_SAT>",False,True,66.0,0.000152587890625,-3.816479927777507,1.0,1.0,0.5636536478996277,0.0
0.1412537544622754,2.0,none,"ap_fixed<16,6,AP_RND,AP_SAT>",False,True,53.0,0.0001220703125,-3.913389940074015,1.0,1.0,0.5705151557922363,0.0
0.17612999928460507,2.0,none,"ap_fixed<16,6,AP_RND,AP_SAT>",False,True,42.0,6.103515625e-05,-4.214419932180256,1.0,1.0,0.4068496823310852,0.0
0.21961736002054355,2.0,none,"ap_fixed<16,6,AP_RND,AP_SAT>",False,True,34.0,4.57763671875e-05,-4.339358666416729,1.0,1.0,0.554436981678009,0.0
0.27384196342643613,2.0,none,"ap_fixed<16,6,AP_RND,AP_SAT>",False,True,27.0,3.0517578125e-05,-4.515449920728757,1.0,1.0,0.4649905264377594,0.0
0.34145488738336005,2.0,none,"ap_fixed<16,6,AP_RND,AP_SAT>",False,True,22.0,1.52587890625e-05,-4.816479902161777,1.0,1.0,0.6745784878730774,0.0
0.42576177390469155,2.0,none,"ap_fixed<16,6,AP_RND,AP_SAT>",False,True,18.0,0.0,-12.0,1.0,1.0,0.9016696214675903,0.0
0.5308844442309882,2.0,none,"ap_fixed<16,6,AP_RND,AP_SAT>",True,False,,4185.4541015625,,1.0,1.0,0.9976426959037781,0.0
0.6619624174845152,2.0,none,"ap_fixed<16,6,AP_RND,AP_SAT>",True,False,,4244.87744140625,,1.0,1.0,0.9915000200271606,0.0
0.8254041852680182,2.0,none,"ap_fixed<16,6,AP_RND,AP_SAT>",True,False,,5134.666015625,,1.0,1.0,0.9569137692451477,0.0
1.0292005271944276,2.0,none,"ap_fixed<16,6,AP_RND,AP_SAT>",True,False,,2984.512939453125,,1.0,1.0,0.9388627409934998,0.0
1.2833151855576512,2.0,none,"ap_fixed<16,6,AP_RND,AP_SAT>",True,False,,3646.258056640625,,1.0,1.0,0.9628002643585205,0.0
1.600171999495828,2.0,none,"ap_fixed<16,6,AP_RND,AP_SAT>",True,False,,9311.44921875,,1.0,1.0,0.9815660715103149,0.0
1.9952623149688795,2.0,none,"ap_fixed<16,6,AP_RND,AP_SAT>",True,False,,9038.033203125,,1.0,1.0,0.9627355933189392,0.0
0.01,2.11892618871859,none,"ap_fixed<16,6,AP_RND,AP_SAT>",False,False,,0.023712158203125,-1.6250289161404885,1.0,1.0,0.4010564684867859,0.0
0.012469049049711741,2.11892618871859,none,"ap_fixed<16,6,AP_RND,AP_SAT>",False,False,,0.0159454345703125,-1.79736364014939,1.0,1.0,0.38004717230796814,0.0
0.015547718420411735,2.11892618871859,none,"ap_fixed<16,6,AP_RND,AP_SAT>",False,False,,0.0113067626953125,-1.9466617226059608,1.0,1.0,0.3723694384098053,0.0
0.019386526359522076,2.11892618871859,none,"ap_fixed<16,6,AP_RND,AP_SAT>",False,False,,0.0074005126953125,-2.130738191962751,1.0,1.0,0.393714040517807,0.0
0.024173154808041036,2.11892618871859,none,"ap_fixed<16,6,AP_RND,AP_SAT>",False,True,308.0,0.00433349609375,-2.3631615904764436,1.0,1.0,0.4008495807647705,0.0
0.03014162529877389,2.11892618871859,none,"ap_fixed<16,6,AP_RND,AP_SAT>",False,True,239.0,0.00274658203125,-2.561207425362271,1.0,1.0,0.3861890733242035,0.0
0.037583740428844416,2.11892618871859,none,"ap_fixed<16,6,AP_RND,AP_SAT>",False,True,189.0,0.0016632080078125,-2.779053432421957,1.0,1.0,0.35119080543518066,0.0
0.046863350287889544,2.11892618871859,none,"ap_fixed<16,6,AP_RND,AP_SAT>",False,True,149.0,0.0010528564453125,-2.977630839473952,1.0,1.0,0.381473183631897,0.0
0.05843414133735175,2.11892618871859,none,"ap_fixed<16,6,AP_RND,AP_SAT>",False,True,118.0,0.000701904296875,-3.153722098323388,1.0,1.0,0.40789535641670227,0.0
0.07286181745132274,2.11892618871859,none,"ap_fixed<16,6,AP_RND,AP_SAT>",False,True,94.0,0.00042724609375,-3.3693218982649826,1.0,1.0,0.37419918179512024,0.0
0.09085175756516867,2.11892618871859,none,"ap_fixed<16,6,AP_RND,AP_SAT>",False,True,75.0,0.0002593994140625,-3.5860310075711945,1.0,1.0,0.5000797510147095,0.0
0.11328350213326084,2.11892618871859,none,"ap_fixed<16,6,AP_RND,AP_SAT>",False,True,60.0,0.0001373291015625,-3.8622374180219383,1.0,1.0,0.4271211326122284,0.0
0.1412537544622754,2.11892618871859,none,"ap_fixed<16,6,AP_RND,AP_SAT>",False,True,48.0,9.1552734375e-05,-4.038328675496402,1.0,1.0,0.4321134090423584,0.0
0.17612999928460507,2.11892618871859,none,"ap_fixed<16,6,AP_RND,AP_SAT>",False,True,38.0,6.103515625e-05,-4.214419932180256,1.0,1.0,0.41340529918670654,0.0
0.21961736002054355,2.11892618871859,none,"ap_fixed<16,6,AP_RND,AP_SAT>",False,True,31.0,3.0517578125e-05,-4.515449920728757,1.0,1.0,0.7476308941841125,0.0
0.27384196342643613,2.11892618871859,none,"ap_fixed<16,6,AP_RND,AP_SAT>",False,True,24.0,1.52587890625e-05,-4.816479902161777,1.0,1.0,0.6415002942085266,0.0
0.34145488738336005,2.11892618871859,none,"ap_fixed<16,6,AP_RND,AP_SAT>",False,True,19.0,1.52587890625e-05,-4.816479902161777,1.0,1.0,0.5874269604682922,0.0
0.42576177390469155,2.11892618871859,none,"ap_fixed<16,6,AP_RND,AP_SAT>",True,False,,5009.0390625,,1.0,1.0,0.9998043179512024,0.0
0.5308844442309882,2.11892618871859,none,"ap_fixed<16,6,AP_RND,AP_SAT>",True,False,,4536.23583984375,,1.0,1.0,0.9796820282936096,0.0
0.6619624174845152,2.11892618871859,none,"ap_fixed<16,6,AP_RND,AP_SAT>",True,False,,4412.27880859375,,1.0,1.0,0.9649237990379333,0.0
0.8254041852680182,2.11892618871859,none,"ap_fixed<16,6,AP_RND,AP_SAT>",True,False,,7169.46240234375,,1.0,1.0,0.9653511643409729,0.0
1.0292005271944276,2.11892618871859,none,"ap_fixed<16,6,AP_RND,AP_SAT>",True,False,,2071.840576171875,,1.0,1.0,0.9652082920074463,0.0
1.2833151855576512,2.11892618871859,none,"ap_fixed<16,6,AP_RND,AP_SAT>",True,False,,8435.658203125,,1.0,1.0,0.8991584181785583,0.0
1.600171999495828,2.11892618871859,none,"ap_fixed<16,6,AP_RND,AP_SAT>",True,False,,10736.4521484375,,1.0,1.0,0.9652397632598877,0.0
1.9952623149688795,2.11892618871859,none,"ap_fixed<16,6,AP_RND,AP_SAT>",True,False,,7816.45068359375,,1.0,1.0,0.9652197360992432,0.0
0.01,2.244924096618746,none,"ap_fixed<16,6,AP_RND,AP_SAT>",False,False,,0.022247314453125,-1.6527224066222221,1.0,1.0,0.3975043296813965,0.0
0.012469049049711741,2.244924096618746,none,"ap_fixed<16,6,AP_RND,AP_SAT>",False,False,,0.014801025390625,-1.829708196328112,1.0,1.0,0.3792862296104431,0.0
0.015547718420411735,2.244924096618746,none,"ap_fixed<16,6,AP_RND,AP_SAT>",False,False,,0.00970458984375,-2.0130228149305336,1.0,1.0,0.3702872693538666,0.0
0.019386526359522076,2.244924096618746,none,"ap_fixed<16,6,AP_RND,AP_SAT>",False,False,,0.0061187744140625,-2.2133355579325396,1.0,1.0,0.3750578463077545,0.0
0.024173154808041036,2.244924096618746,none,"ap_fixed<16,6,AP_RND,AP_SAT>",False,True,274.0,0.0038909912109375,-2.4099397500781286,1.0,1.0,0.3595419228076935,0.0
0.03014162529877389,2.244924096618746,none,"ap_fixed<16,6,AP_RND,AP_SAT>",False,True,215.0,0.0025787353515625,-2.588593225841612,1.0,1.0,0.38044145703315735,0.0
0.037583740428844416,2.244924096618746,none,"ap_fixed<16,6,AP_RND,AP_SAT>",False,True,169.0,0.00152587890625,-2.8164799303390797,1.0,1.0,0.413762629032135,0.0
0.046863350287889544,2.244924096618746,none,"ap_fixed<16,6,AP_RND,AP_SAT>",False,True,134.0,0.001007080078125,-2.996935994650589,1.0,1.0,0.45312386751174927,0.0
0.05843414133735175,2.244924096618746,none,"ap_fixed<16,6,AP_RND,AP_SAT>",False,True,107.0,0.0006256103515625,-3.2036960732097706,1.0,1.0,0.4065624475479126,0.0
0.07286181745132274,2.244924096618746,none,"ap_fixed<16,6,AP_RND,AP_SAT>",False,True,85.0,0.0003662109375,-3.4362686877261797,1.0,1.0,0.5119667053222656,0.0
0.09085175756516867,2.244924096618746,none,"ap_fixed<16,6,AP_RND,AP_SAT>",False,True,67.0,0.0002288818359375,-3.6403886696705565,1.0,1.0,0.4879341125488281,0.0
0.11328350213326084,2.244924096618746,none,"ap_fixed<16,6,AP_RND,AP_SAT>",False,True,54.0,0.0001373291015625,-3.8622374180219383,1.0,1.0,0.40777790546417236,0.0
0.1412537544622754,2.244924096618746,none,"ap_fixed<16,6,AP_RND,AP_SAT>",False,True,43.0,0.0001068115234375,-3.9713818865434534,1.0,1.0,0.41632235050201416,0.0
0.17612999928460507,2.244924096618746,none,"ap_fixed<16,6,AP_RND,AP_SAT>",False,True,34.0,6.103515625e-05,-4.214419932180256,1.0,1.0,0.5837680697441101,0.0
0.21961736002054355,2.244924096618746,none,"ap_fixed<16,6,AP_RND,AP_SAT>",False,True,27.0,3.0517578125e-05,-4.515449920728757,1.0,1.0,0.6240377426147461,0.0
0.27384196342643613,2.244924096618746,none,"ap_fixed<16,6,AP_RND,AP_SAT>",False,True,22.0,1.52587890625e-05,-4.816479902161777,1.0,1.0,0.711530864238739,0.0
0.34145488738336005,2.244924096618746,none,"ap_fixed<16,6,AP_RND,AP_SAT>",False,True,19.0,0.0,-12.0,1.0,1.0,0.8253072500228882,0.0
0.42576177390469155,2.244924096618746,none,"ap_fixed<16,6,AP_RND,AP_SAT>",True,False,,4270.10205078125,,1.0,1.0,0.9928683638572693,0.0
0.5308844442309882,2.244924096618746,none,"ap_fixed<16,6,AP_RND,AP_SAT>",True,False,,5101.89453125,,1.0,1.0,0.9731085300445557,0.0
0.6619624174845152,2.244924096618746,none,"ap_fixed<16,6,AP_RND,AP_SAT>",True,False,,7430.21826171875,,1.0,1.0,0.9601131081581116,0.0
0.8254041852680182,2.244924096618746,none,"ap_fixed<16,6,AP_RND,AP_SAT>",True,False,,2961.339599609375,,1.0,1.0,0.9758830666542053,0.0
1.0292005271944276,2.244924096618746,none,"ap_fixed<16,6,AP_RND,AP_SAT>",True,False,,5852.916015625,,1.0,1.0,0.9688591957092285,0.0
1.2833151855576512,2.244924096618746,none,"ap_fixed<16,6,AP_RND,AP_SAT>",True,False,,11783.0400390625,,1.0,1.0,0.9739052653312683,0.125
1.600171999495828,2.244924096618746,none,"ap_fixed<16,6,AP_RND,AP_SAT>",True,False,,9941.3818359375,,1.0,1.0,0.9673538208007812,0.0
1.9952623149688795,2.244924096618746,none,"ap_fixed<16,6,AP_RND,AP_SAT>",True,False,,5900.7783203125,,1.0,1.0,0.9690420627593994,0.0
0.01,2.378414230005442,none,"ap_fixed<16,6,AP_RND,AP_SAT>",False,False,,0.0200347900390625,-1.6982152045125427,1.0,1.0,0.38418519496917725,0.0
0.012469049049711741,2.378414230005442,none,"ap_fixed<16,6,AP_RND,AP_SAT>",False,False,,0.014068603515625,-1.8517490095392,1.0,1.0,0.3745861351490021,0.0
0.015547718420411735,2.378414230005442,none,"ap_fixed<16,6,AP_RND,AP_SAT>",False,False,,0.008331298828125,-2.079287287866834,1.0,1.0,0.36806613206863403,0.0
0.019386526359522076,2.378414230005442,none,"ap_fixed<16,6,AP_RND,AP_SAT>",False,False,,0.0052490234375,-2.279921487969431,1.0,1.0,0.3737959861755371,0.0
0.024173154808041036,2.378414230005442,none,"ap_fixed<16,6,AP_RND,AP_SAT>",False,True,243.0,0.003326416015625,-2.478023436888535,1.0,1.0,0.3612832725048065,0.0
0.03014162529877389,2.378414230005442,none,"ap_fixed<16,6,AP_RND,AP_SAT>",False,True,193.0,0.002044677734375,-2.689375132046489,1.0,1.0,0.3582843542098999,0.0
0.037583740428844416,2.378414230005442,none,"ap_fixed<16,6,AP_RND,AP_SAT>",False,True,152.0,0.0012969970703125,-2.8870610045745604,1.0,1.0,0.3626244068145752,0.0
0.046863350287889544,2.378414230005442,none,"ap_fixed<16,6,AP_RND,AP_SAT>",False,True,121.0,0.0008087158203125,-3.0922040604858925,1.0,1.0,0.42797476053237915,0.0
0.05843414133735175,2.378414230005442,none,"ap_fixed<16,6,AP_RND,AP_SAT>",False,True,96.0,0.00048828125,-3.311329951414358,1.0,1.0,0.3879936933517456,0.0
0.07286181745132274,2.378414230005442,none,"ap_fixed<16,6,AP_RND,AP_SAT>",False,True,76.0,0.0002899169921875,-3.5377263281728744,1.0,1.0,0.41499191522598267,0.0
0.09085175756516867,2.378414230005442,none,"ap_fixed<16,6,AP_RND,AP_SAT>",False,True,61.0,0.0001678466796875,-3.7750872428780267,1.0,1.0,0.47094425559043884,0.0
0.11328350213326084,2.378414230005442,none,"ap_fixed<16,6,AP_RND,AP_SAT>",False,True,49.0,0.0001068115234375,-3.9713818865434534,1.0,1.0,0.42986348271369934,0.0
0.1412537544622754,2.378414230005442,none,"ap_fixed<16,6,AP_RND,AP_SAT>",False,True,39.0,6.103515625e-05,-4.214419932180256,1.0,1.0,0.4656330943107605,0.0
0.17612999928460507,2.378414230005442,none,"ap_fixed<16,6,AP_RND,AP_SAT>",False,True,31.0,3.0517578125e-05,-4.515449920728757,1.0,1.0,0.4720551669597626,0.0
0.21961736002054355,2.378414230005442,none,"ap_fixed<16,6,AP_RND,AP_SAT>",False,True,25.0,1.52587890625e-05,-4.816479902161777,1.0,1.0,0.5643326640129089,0.0
0.27384196342643613,2.378414230005442,none,"ap_fixed<16,6,AP_RND,AP_SAT>",False,True,20.0,1.52587890625e-05,-4.816479902161777,1.0,1.0,0.493741899728775,0.0
0.34145488738336005,2.378414230005442,none,"ap_fixed<16,6,AP_RND,AP_SAT>",True,False,,6184.07177734375,,1.0,1.0,0.9997064471244812,0.0
0.42576177390469155,2.378414230005442,none,"ap_fixed<16,6,AP_RND,AP_SAT>",True,False,,6520.1982421875,,1.0,1.0,0.995248019695282,0.0
0.5308844442309882,2.378414230005442,none,"ap_fixed<16,6,AP_RND,AP_SAT>",True,False,,4801.880859375,,1.0,1.0,0.9932520985603333,0.0
0.6619624174845152,2.378414230005442,none,"ap_fixed<16,6,AP_RND,AP_SAT>",True,False,,7273.02587890625,,1.0,1.0,0.9704394936561584,0.0
0.8254041852680182,2.378414230005442,none,"ap_fixed<16,6,AP_RND,AP_SAT>",True,False,,3337.465576171875,,1.0,1.0,0.9691893458366394,0.5
1.0292005271944276,2.378414230005442,none,"ap_fixed<16,6,AP_RND,AP_SAT>",True,False,,10644.6337890625,,1.0,1.0,0.9366304874420166,0.5
1.2833151855576512,2.378414230005442,none,"ap_fixed<16,6,AP_RND,AP_SAT>",True,False,,11758.6513671875,,1.0,1.0,0.969089925289154,0.625
1.600171999495828,2.378414230005442,none,"ap_fixed<16,6,AP_RND,AP_SAT>",True,False,,8374.2177734375,,1.0,1.0,0.9693904519081116,0.25
1.9952623149688795,2.378414230005442,none,"ap_fixed<16,6,AP_RND,AP_SAT>",True,False,,3481.87744140625,,1.0,1.0,0.8904646039009094,0.5
0.01,2.5198420997897464,none,"ap_fixed<16,6,AP_RND,AP_SAT>",False,False,,0.0189971923828125,-1.721310579169083,1.0,1.0,0.37824687361717224,0.0
0.012469049049711741,2.5198420997897464,none,"ap_fixed<16,6,AP_RND,AP_SAT>",False,False,,0.0121307373046875,-1.9161128019314277,1.0,1.0,0.3625620901584625,0.0
0.015547718420411735,2.5198420997897464,none,"ap_fixed<16,6,AP_RND,AP_SAT>",False,False,,0.0074005126953125,-2.130738191962751,1.0,1.0,0.3703790605068207,0.0
0.019386526359522076,2.5198420997897464,none,"ap_fixed<16,6,AP_RND,AP_SAT>",False,True,282.0,0.004425048828125,-2.3540819326265985,1.0,1.0,0.3753852844238281,0.0
0.024173154808041036,2.5198420997897464,none,"ap_fixed<16,6,AP_RND,AP_SAT>",False,True,219.0,0.002777099609375,-2.5564085424822403,1.0,1.0,0.3835529386997223,0.0
0.03014162529877389,2.5198420997897464,none,"ap_fixed<16,6,AP_RND,AP_SAT>",False,True,173.0,0.001861572265625,-2.7301200997156565,1.0,1.0,0.3968315124511719,0.0
0.037583740428844416,2.5198420997897464,none,"ap_fixed<16,6,AP_RND,AP_SAT>",False,True,136.0,0.0010833740234375,-2.9652215815037515,1.0,1.0,0.3938564658164978,0.0
0.046863350287889544,2.5198420997897464,none,"ap_fixed<16,6,AP_RND,AP_SAT>",False,True,108.0,0.0006866455078125,-3.1632674162158683,1.0,1.0,0.3969418406486511,0.0
0.05843414133735175,2.5198420997897464,none,"ap_fixed<16,6,AP_RND,AP_SAT>",False,True,86.0,0.000457763671875,-3.339358674955306,1.0,1.0,0.4574192762374878,0.0
0.07286181745132274,2.5198420997897464,none,"ap_fixed<16,6,AP_RND,AP_SAT>",False,True,69.0,0.000274658203125,-3.561207423939175,1.0,1.0,0.4208205044269562,0.0
0.09085175756516867,2.5198420997897464,none,"ap_fixed<16,6,AP_RND,AP_SAT>",False,True,55.0,0.0001678466796875,-3.7750872428780267,1.0,1.0,0.4997430145740509,0.0
0.11328350213326084,2.5198420997897464,none,"ap_fixed<16,6,AP_RND,AP_SAT>",False,True,44.0,7.62939453125e-05,-4.117509920595296,1.0,1.0,0.527229368686676,0.0
0.1412537544622754,2.5198420997897464,none,"ap_fixed<16,6,AP_RND,AP_SAT>",False,True,35.0,4.57763671875e-05,-4.339358666416729,1.0,1.0,0.5940884947776794,0.0
0.17612999928460507,2.5198420997897464,none,"ap_fixed<16,6,AP_RND,AP_SAT>",False,True,28.0,3.0517578125e-05,-4.515449920728757,1.0,1.0,0.6568748354911804,0.0
0.21961736002054355,2.5198420997897464,none,"ap_fixed<16,6,AP_RND,AP_SAT>",False,True,22.0,1.52587890625e-05,-4.816479902161777,1.0,1.0,0.45927929878234863,0.0
0.27384196342643613,2.5198420997897464,none,"ap_fixed<16,6,AP_RND,AP_SAT>",False,True,22.0,1.52587890625e-05,-4.816479902161777,1.0,1.0,0.9571024179458618,0.0
0.34145488738336005,2.5198420997897464,none,"ap_fixed<16,6,AP_RND,AP_SAT>",True,False,,8002.44921875,,1.0,1.0,0.9924918413162231,0.0
0.42576177390469155,2.5198420997897464,none,"ap_fixed<16,6,AP_RND,AP_SAT>",True,False,,7714.20947265625,,1.0,1.0,0.9715902805328369,0.5
0.5308844442309882,2.5198420997897464,none,"ap_fixed<16,6,AP_RND,AP_SAT>",True,False,,9552.70703125,,1.0,1.0,0.9886476993560791,0.5
0.6619624174845152,2.5198420997897464,none,"ap_fixed<16,6,AP_RND,AP_SAT>",True,False,,2974.369384765625,,1.0,1.0,0.987521767616272,1.0
0.8254041852680182,2.5198420997897464,none,"ap_fixed<16,6,AP_RND,AP_SAT>",True,False,,8400.26171875,,1.0,1.0,0.9555928111076355,0.5
1.0292005271944276,2.5198420997897464,none,"ap_fixed<16,6,AP_RND,AP_SAT>",True,False,,13095.1630859375,,1.0,1.0,0.9706622362136841,1.0
1.2833151855576512,2.5198420997897464,none,"ap_fixed<16,6,AP_RND,AP_SAT>",True,False,,10784.814453125,,1.0,1.0,0.9706488251686096,0.5
1.600171999495828,2.5198420997897464,none,"ap_fixed<16,6,AP_RND,AP_SAT>",True,False,,6003.24462890625,,1.0,1.0,0.9594143033027649,0.5
1.9952623149688795,2.5198420997897464,none,"ap_fixed<16,6,AP_RND,AP_SAT>",True,False,,1637.884033203125,,1.0,1.0,0.8647222518920898,1.0
0.01,2.6696797083400687,none,"ap_fixed<16,6,AP_RND,AP_SAT>",False,False,,0.0173797607421875,-1.7599562065196104,1.0,1.0,0.35607513785362244,0.0
0.012469049049711741,2.6696797083400687,none,"ap_fixed<16,6,AP_RND,AP_SAT>",False,False,,0.010772705078125,-1.967675229531581,1.0,1.0,0.3787563443183899,0.0
0.015547718420411735,2.6696797083400687,none,"ap_fixed<16,6,AP_RND,AP_SAT>",False,False,,0.0069580078125,-2.1575150878968476,1.0,1.0,0.376769095659256,0.0
0.019386526359522076,2.6696797083400687,none,"ap_fixed<16,6,AP_RND,AP_SAT>",False,True,252.0,0.0041656494140625,-2.380317283478687,1.0,1.0,0.405683696269989,0.0
0.024173154808041036,2.6696797083400687,none,"ap_fixed<16,6,AP_RND,AP_SAT>",False,True,196.0,0.0025177001953125,-2.598995986237296,1.0,1.0,0.41025257110595703,0.0
0.03014162529877389,2.6696797083400687,none,"ap_fixed<16,6,AP_RND,AP_SAT>",False,True,155.0,0.0016632080078125,-2.779053432421957,1.0,1.0,0.4143427908420563,0.0
0.037583740428844416,2.6696797083400687,none,"ap_fixed<16,6,AP_RND,AP_SAT>",False,True,123.0,0.00091552734375,-3.0383286797656903,1.0,1.0,0.3735506236553192,0.0
0.046863350287889544,2.6696797083400687,none,"ap_fixed<16,6,AP_RND,AP_SAT>",False,True,97.0,0.0006103515625,-3.2144199385841885,1.0,1.0,0.42956870794296265,0.0
0.05843414133735175,2.6696797083400687,none,"ap_fixed<16,6,AP_RND,AP_SAT>",False,True,78.0,0.0003509521484375,-3.4547520933686315,1.0,1.0,0.4059252440929413,0.0
0.07286181745132274,2.6696797083400687,none,"ap_fixed<16,6,AP_RND,AP_SAT>",False,True,62.0,0.00018310546875,-3.7372986822042473,1.0,1.0,0.4869205951690674,0.0
0.09085175756516867,2.6696797083400687,none,"ap_fixed<16,6,AP_RND,AP_SAT>",False,True,49.0,0.0001220703125,-3.913389940074015,1.0,1.0,0.5341562032699585,0.0
0.11328350213326084,2.6696797083400687,none,"ap_fixed<16,6,AP_RND,AP_SAT>",False,True,39.0,6.103515625e-05,-4.214419932180256,1.0,1.0,0.4576246738433838,0.0
0.1412537544622754,2.6696797083400687,none,"ap_fixed<16,6,AP_RND,AP_SAT>",False,True,31.0,3.0517578125e-05,-4.515449920728757,1.0,1.0,0.5203059315681458,0.0
0.17612999928460507,2.6696797083400687,none,"ap_fixed<16,6,AP_RND,AP_SAT>",False,True,25.0,3.0517578125e-05,-4.515449920728757,1.0,1.0,0.4833122789859772,0.0
0.21961736002054355,2.6696797083400687,none,"ap_fixed<16,6,AP_RND,AP_SAT>",False,True,20.0,1.52587890625e-05,-4.816479902161777,1.0,1.0,0.4710814952850342,0.0
0.27384196342643613,2.6696797083400687,none,"ap_fixed<16,6,AP_RND,AP_SAT>",True,False,,8054.865234375,,1.0,1.0,0.9995623230934143,0.0
0.34145488738336005,2.6696797083400687,none,"ap_fixed<16,6,AP_RND,AP_SAT>",True,False,,7790.81640625,,1.0,1.0,0.9884973168373108,0.5
0.42576177390469155,2.6696797083400687,none,"ap_fixed<16,6,AP_RND,AP_SAT>",True,False,,5398.259765625,,1.0,1.0,0.9848021864891052,1.0
0.5308844442309882,2.6696797083400687,none,"ap_fixed<16,6,AP_RND,AP_SAT>",True,False,,7200.0615234375,,1.0,1.0,0.9817166328430176,0.5
0.6619624174845152,2.6696797083400687,none,"ap_fixed<16,6,AP_RND,AP_SAT>",True,False,,5175.2919921875,,1.0,1.0,0.9725722670555115,0.5
0.8254041852680182,2.6696797083400687,none,"ap_fixed<16,6,AP_RND,AP_SAT>",True,False,,12781.033203125,,1.0,1.0,0.9729129672050476,1.0
1.0292005271944276,2.6696797083400687,none,"ap_fixed<16,6,AP_RND,AP_SAT>",True,False,,12664.720703125,,1.0,1.0,0.9719814658164978,1.0
1.2833151855576512,2.6696797083400687,none,"ap_fixed<16,6,AP_RND,AP_SAT>",True,False,,8868.4365234375,,1.0,1.0,0.979713499546051,0.5
1.600171999495828,2.6696797083400687,none,"ap_fixed<16,6,AP_RND,AP_SAT>",True,False,,3225.317138671875,,1.0,1.0,0.8333399295806885,1.0
1.9952623149688795,2.6696797083400687,none,"ap_fixed<16,6,AP_RND,AP_SAT>",True,False,,335.57330322265625,,1.0,1.0,0.9767558574676514,1.0
0.01,2.82842712474619,none,"ap_fixed<16,6,AP_RND,AP_SAT>",False,False,,0.015380859375,-1.8130193984859566,1.0,1.0,0.36375340819358826,0.0
0.012469049049711741,2.82842712474619,none,"ap_fixed<16,6,AP_RND,AP_SAT>",False,False,,0.0096435546875,-2.0157628522962794,1.0,1.0,0.3560718297958374,0.0
0.015547718420411735,2.82842712474619,none,"ap_fixed<16,6,AP_RND,AP_SAT>",False,False,,0.00579833984375,-2.236696333931989,1.0,1.0,0.3795989155769348,0.0
0.019386526359522076,2.82842712474619,none,"ap_fixed<16,6,AP_RND,AP_SAT>",False,True,225.0,0.0037994384765625,-2.420280583413658,1.0,1.0,0.42197179794311523,0.0
0.024173154808041036,2.82842712474619,none,"ap_fixed<16,6,AP_RND,AP_SAT>",False,True,176.0,0.0024261474609375,-2.6150828061242417,1.0,1.0,0.4262239336967468,0.0
0.03014162529877389,2.82842712474619,none,"ap_fixed<16,6,AP_RND,AP_SAT>",False,True,139.0,0.0015411376953125,-2.8121585565592553,1.0,1.0,0.44968780875205994,0.0
0.037583740428844416,2.82842712474619,none,"ap_fixed<16,6,AP_RND,AP_SAT>",False,True,110.0,0.00091552734375,-3.0383286797656903,1.0,1.0,0.45073646306991577,0.0
0.046863350287889544,2.82842712474619,none,"ap_fixed<16,6,AP_RND,AP_SAT>",False,True,88.0,0.0005950927734375,-3.225415322867407,1.0,1.0,0.4683484733104706,0.0
0.05843414133735175,2.82842712474619,none,"ap_fixed<16,6,AP_RND,AP_SAT>",False,True,70.0,0.000335693359375,-3.474057248507769,1.0,1.0,0.5589470863342285,0.0
0.07286181745132274,2.82842712474619,none,"ap_fixed<16,6,AP_RND,AP_SAT>",False,True,56.0,0.00018310546875,-3.7372986822042473,1.0,1.0,0.5691327452659607,0.0
0.09085175756516867,2.82842712474619,none,"ap_fixed<16,6,AP_RND,AP_SAT>",False,True,44.0,7.62939453125e-05,-4.117509920595296,1.0,1.0,0.42203065752983093,0.0
0.11328350213326084,2.82842712474619,none,"ap_fixed<16,6,AP_RND,AP_SAT>",False,True,35.0,7.62939453125e-05,-4.117509920595296,1.0,1.0,0.6261301040649414,0.0
0.1412537544622754,2.82842712474619,none,"ap_fixed<16,6,AP_RND,AP_SAT>",False,True,28.0,4.57763671875e-05,-4.339358666416729,1.0,1.0,0.4250237047672272,0.0
0.17612999928460507,2.82842712474619,none,"ap_fixed<16,6,AP_RND,AP_SAT>",False,True,22.0,1.52587890625e-05,-4.816479902161777,1.0,1.0,0.7802743315696716,0.0
0.21961736002054355,2.82842712474619,none,"ap_fixed<16,6,AP_RND,AP_SAT>",False,True,27.0,4.57763671875e-05,-4.339358666416729,1.0,1.0,0.9934327006340027,0.0
0.27384196342643613,2.82842712474619,none,"ap_fixed<16,6,AP_RND,AP_SAT>",True,False,,7876.82470703125,,1.0,1.0,0.9989933371543884,1.0
0.34145488738336005,2.82842712474619,none,"ap_fixed<16,6,AP_RND,AP_SAT>",True,False,,9751.470703125,,1.0,1.0,0.9962210059165955,1.0
0.42576177390469155,2.82842712474619,none,"ap_fixed<16,6,AP_RND,AP_SAT>",True,False,,11749.0400390625,,1.0,1.0,0.9873767495155334,1.0
0.5308844442309882,2.82842712474619,none,"ap_fixed<16,6,AP_RND,AP_SAT>",True,False,,3121.798828125,,1.0,1.0,0.9774836897850037,1.0
0.6619624174845152,2.82842712474619,none,"ap_fixed<16,6,AP_RND,AP_SAT>",True,False,,10916.8603515625,,1.0,1.0,0.9472830891609192,1.0
0.8254041852680182,2.82842712474619,none,"ap_fixed<16,6,AP_RND,AP_SAT>",True,False,,13914.3203125,,1.0,1.0,0.9730545878410339,1.0
1.0292005271944276,2.82842712474619,none,"ap_fixed<16,6,AP_RND,AP_SAT>",True,False,,11579.8115234375,,1.0,1.0,0.9736355543136597,1.0
1.2833151855576512,2.82842712474619,none,"ap_fixed<16,6,AP_RND,AP_SAT>",True,False,,6043.90478515625,,1.0,1.0,0.9608529806137085,0.625
1.600171999495828,2.82842712474619,none,"ap_fixed<16,6,AP_RND,AP_SAT>",True,False,,1328.763916015625,,1.0,1.0,0.9062978029251099,1.0
1.9952623149688795,2.82842712474619,none,"ap_fixed<16,6,AP_RND,AP_SAT>",True,False,,344.1913146972656,,1.0,1.0,0.9730541110038757,1.0
0.01,2.996614153753363,none,"ap_fixed<16,6,AP_RND,AP_SAT>",False,False,,0.013824462890625,-1.8593517329154712,1.0,1.0,0.3534332513809204,0.0
0.012469049049711741,2.996614153753363,none,"ap_fixed<16,6,AP_RND,AP_SAT>",False,False,,0.0085906982421875,-2.0659715357217987,1.0,1.0,0.39327606558799744,0.0
0.015547718420411735,2.996614153753363,none,"ap_fixed<16,6,AP_RND,AP_SAT>",False,False,,0.0053253173828125,-2.2736545035829665,1.0,1.0,0.4000999927520752,0.0
0.019386526359522076,2.996614153753363,none,"ap_fixed<16,6,AP_RND,AP_SAT>",False,True,200.0,0.0031585693359375,-2.500509585029284,1.0,1.0,0.3933500051498413,0.0
0.024173154808041036,2.996614153753363,none,"ap_fixed<16,6,AP_RND,AP_SAT>",False,True,159.0,0.00201416015625,-2.6959059992022287,1.0,1.0,0.4281027913093567,0.0
0.03014162529877389,2.996614153753363,none,"ap_fixed<16,6,AP_RND,AP_SAT>",False,True,125.0,0.0012664794921875,-2.8974018379047104,1.0,1.0,0.4197358191013336,0.0
0.037583740428844416,2.996614153753363,none,"ap_fixed<16,6,AP_RND,AP_SAT>",False,True,99.0,0.000762939453125,-3.117509925718442,1.0,1.0,0.4624212384223938,0.0
0.046863350287889544,2.996614153753363,none,"ap_fixed<16,6,AP_RND,AP_SAT>",False,True,79.0,0.000457763671875,-3.339358674955306,1.0,1.0,0.3977731764316559,0.0
0.05843414133735175,2.996614153753363,none,"ap_fixed<16,6,AP_RND,AP_SAT>",False,True,63.0,0.0003204345703125,-3.49426063453445,1.0,1.0,0.45365527272224426,0.0
0.07286181745132274,2.996614153753363,none,"ap_fixed<16,6,AP_RND,AP_SAT>",False,True,50.0,0.0001373291015625,-3.8622374180219383,1.0,1.0,0.45846232771873474,0.0
0.09085175756516867,2.996614153753363,none,"ap_fixed<16,6,AP_RND,AP_SAT>",False,True,40.0,9.1552734375e-05,-4.038328675496402,1.0,1.0,0.5135300755500793,0.0
0.11328350213326084,2.996614153753363,none,"ap_fixed<16,6,AP_RND,AP_SAT>",False,True,32.0,6.103515625e-05,-4.214419932180256,1.0,1.0,0.46995627880096436,0.0
0.1412537544622754,2.996614153753363,none,"ap_fixed<16,6,AP_RND,AP_SAT>",False,True,25.0,1.52587890625e-05,-4.816479902161777,1.0,1.0,0.745013952255249,0.0
0.17612999928460507,2.996614153753363,none,"ap_fixed<16,6,AP_RND,AP_SAT>",False,True,20.0,1.52587890625e-05,-4.816479902161777,1.0,1.0,0.7742942571640015,0.0
0.21961736002054355,2.996614153753363,none,"ap_fixed<16,6,AP_RND,AP_SAT>",True,False,,7997.89794921875,,1.0,1.0,0.9999998211860657,1.0
0.27384196342643613,2.996614153753363,none,"ap_fixed<16,6,AP_RND,AP_SAT>",True,False,,9585.7958984375,,1.0,1.0,0.9990968704223633,1.0
0.34145488738336005,2.996614153753363,none,"ap_fixed<16,6,AP_RND,AP_SAT>",True,False,,6682.36767578125,,1.0,1.0,0.9906249642372131,1.0
0.42576177390469155,2.996614153753363,none,"ap_fixed<16,6,AP_RND,AP_SAT>",True,False,,6927.091796875,,1.0,1.0,0.9811738133430481,1.0
0.5308844442309882,2.996614153753363,none,"ap_fixed<16,6,AP_RND,AP_SAT>",True,False,,7498.6865234375,,1.0,1.0,0.9947433471679688,1.0
0.6619624174845152,2.996614153753363,none,"ap_fixed<16,6,AP_RND,AP_SAT>",True,False,,14267.703125,,1.0,1.0,0.9861343502998352,1.0
0.8254041852680182,2.996614153753363,none,"ap_fixed<16,6,AP_RND,AP_SAT>",True,False,,13443.2841796875,,1.0,1.0,0.9741100668907166,1.0
1.0292005271944276,2.996614153753363,none,"ap_fixed<16,6,AP_RND,AP_SAT>",True,False,,9282.806640625,,1.0,1.0,0.9990203380584717,0.5
1.2833151855576512,2.996614153753363,none,"ap_fixed<16,6,AP_RND,AP_SAT>",True,False,,3129.325439453125,,1.0,1.0,0.8431839346885681,1.0
1.600171999495828,2.996614153753363,none,"ap_fixed<16,6,AP_RND,AP_SAT>",True,False,,326.3993225097656,,1.0,1.0,0.9740682244300842,1.0
1.9952623149688795,2.996614153753363,none,"ap_fixed<16,6,AP_RND,AP_SAT>",True,False,,521.5615844726562,,1.0,1.0,0.9740508794784546,1.0
0.01,3.174802103936399,none,"ap_fixed<16,6,AP_RND,AP_SAT>",False,False,,0.0118560791015625,-1.9260589117861544,1.0,1.0,0.37407729029655457,0.0
0.012469049049711741,3.174802103936399,none,"ap_fixed<16,6,AP_RND,AP_SAT>",False,False,,0.0071868896484375,-2.143459023434374,1.0,1.0,0.3579738438129425,0.0
0.015547718420411735,3.174802103936399,none,"ap_fixed<16,6,AP_RND,AP_SAT>",False,True,234.0,0.0042572021484375,-2.3708757272480874,1.0,1.0,0.37465032935142517,0.0
0.019386526359522076,3.174802103936399,none,"ap_fixed<16,6,AP_RND,AP_SAT>",False,True,180.0,0.003021240234375,-2.519814740218421,1.0,1.0,0.3813636302947998,0.0
0.024173154808041036,3.174802103936399,none,"ap_fixed<16,6,AP_RND,AP_SAT>",False,True,142.0,0.0016632080078125,-2.779053432421957,1.0,1.0,0.40265825390815735,0.0
0.03014162529877389,3.174802103936399,none,"ap_fixed<16,6,AP_RND,AP_SAT>",False,True,112.0,0.0010528564453125,-2.977630839473952,1.0,1.0,0.39755210280418396,0.0
0.037583740428844416,3.174802103936399,none,"ap_fixed<16,6,AP_RND,AP_SAT>",False,True,89.0,0.000640869140625,-3.193230639548134,1.0,1.0,0.3962774872779846,0.0
0.046863350287889544,3.174802103936399,none,"ap_fixed<16,6,AP_RND,AP_SAT>",False,True,71.0,0.0003814697265625,-3.418539920813185,1.0,1.0,0.4175150990486145,0.0
0.05843414133735175,3.174802103936399,none,"ap_fixed<16,6,AP_RND,AP_SAT>",False,True,57.0,0.000213623046875,-3.6703518929124668,1.0,1.0,0.4792497754096985,0.0
0.07286181745132274,3.174802103936399,none,"ap_fixed<16,6,AP_RND,AP_SAT>",False,True,45.0,0.0001220703125,-3.913389940074015,1.0,1.0,0.4885174036026001,0.0
0.09085175756516867,3.174802103936399,none,"ap_fixed<16,6,AP_RND,AP_SAT>",False,True,36.0,6.103515625e-05,-4.214419932180256,1.0,1.0,0.5144242644309998,0.0
0.11328350213326084,3.174802103936399,none,"ap_fixed<16,6,AP_RND,AP_SAT>",False,True,29.0,3.0517578125e-05,-4.515449920728757,1.0,1.0,0.6125845909118652,0.0
0.1412537544622754,3.174802103936399,none,"ap_fixed<16,6,AP_RND,AP_SAT>",False,True,23.0,1.52587890625e-05,-4.816479902161777,1.0,1.0,0.8812718987464905,0.0
0.17612999928460507,3.174802103936399,none,"ap_fixed<16,6,AP_RND,AP_SAT>",False,True,37.0,0.000335693359375,-3.474057248507769,1.0,1.0,0.9985382556915283,0.0
0.21961736002054355,3.174802103936399,none,"ap_fixed<16,6,AP_RND,AP_SAT>",True,False,,7642.177734375,,1.0,1.0,0.9999997615814209,1.0
0.27384196342643613,3.174802103936399,none,"ap_fixed<16,6,AP_RND,AP_SAT>",True,False,,11756.873046875,,1.0,1.0,0.9989926815032959,1.0
0.34145488738336005,3.174802103936399,none,"ap_fixed<16,6,AP_RND,AP_SAT>",True,False,,13244.5537109375,,1.0,1.0,0.9883091449737549,1.0
0.42576177390469155,3.174802103936399,none,"ap_fixed<16,6,AP_RND,AP_SAT>",True,False,,4258.56689453125,,1.0,1.0,0.9758133888244629,1.0
0.5308844442309882,3.174802103936399,none,"ap_fixed<16,6,AP_RND,AP_SAT>",True,False,,13118.232421875,,1.0,1.0,0.9430004954338074,1.0
0.6619624174845152,3.174802103936399,none,"ap_fixed<16,6,AP_RND,AP_SAT>",True,False,,14584.76171875,,1.0,1.0,0.9749078750610352,1.0
0.8254041852680182,3.174802103936399,none,"ap_fixed<16,6,AP_RND,AP_SAT>",True,False,,12291.5947265625,,1.0,1.0,0.9961745142936707,1.0
1.0292005271944276,3.174802103936399,none,"ap_fixed<16,6,AP_RND,AP_SAT>",True,False,,6031.048828125,,1.0,1.0,0.9597051739692688,1.0
1.2833151855576512,3.174802103936399,none,"ap_fixed<16,6,AP_RND,AP_SAT>",True,False,,1013.2037353515625,,1.0,1.0,0.9553207755088806,1.0
1.600171999495828,3.174802103936399,none,"ap_fixed<16,6,AP_RND,AP_SAT>",True,False,,493.0727233886719,,1.0,1.0,0.9748815894126892,1.0
1.9952623149688795,3.174802103936399,none,"ap_fixed<16,6,AP_RND,AP_SAT>",True,False,,785.365478515625,,1.0,1.0,0.9748939275741577,1.0
0.01,3.363585661014858,none,"ap_fixed<16,6,AP_RND,AP_SAT>",False,False,,0.0104522705078125,-1.9807893590897232,1.0,1.0,0.36596837639808655,0.0
0.012469049049711741,3.363585661014858,none,"ap_fixed<16,6,AP_RND,AP_SAT>",False,False,,0.006195068359375,-2.207953896976402,1.0,1.0,0.3786563277244568,0.0
0.015547718420411735,3.363585661014858,none,"ap_fixed<16,6,AP_RND,AP_SAT>",False,True,206.0,0.0037689208984375,-2.423782977248803,1.0,1.0,0.3726051449775696,0.0
0.019386526359522076,3.363585661014858,none,"ap_fixed<16,6,AP_RND,AP_SAT>",False,True,162.0,0.0025177001953125,-2.598995986237296,1.0,1.0,0.3839496076107025,0.0
0.024173154808041036,3.363585661014858,none,"ap_fixed<16,6,AP_RND,AP_SAT>",False,True,127.0,0.0015411376953125,-2.8121585565592553,1.0,1.0,0.3907601833343506,0.0
0.03014162529877389,3.363585661014858,none,"ap_fixed<16,6,AP_RND,AP_SAT>",False,True,101.0,0.0008697509765625,-3.0606050744518756,1.0,1.0,0.414192259311676,0.0
0.037583740428844416,3.363585661014858,none,"ap_fixed<16,6,AP_RND,AP_SAT>",False,True,80.0,0.00054931640625,-3.260177429065803,1.0,1.0,0.3848203420639038,0.0
0.046863350287889544,3.363585661014858,none,"ap_fixed<16,6,AP_RND,AP_SAT>",False,True,64.0,0.0003814697265625,-3.418539920813185,1.0,1.0,0.40200963616371155,0.0
0.05843414133735175,3.363585661014858,none,"ap_fixed<16,6,AP_RND,AP_SAT>",False,True,51.0,0.00018310546875,-3.7372986822042473,1.0,1.0,0.5055444240570068,0.0
0.07286181745132274,3.363585661014858,none,"ap_fixed<16,6,AP_RND,AP_SAT>",False,True,41.0,9.1552734375e-05,-4.038328675496402,1.0,1.0,0.5205197334289551,0.0
0.09085175756516867,3.363585661014858,none,"ap_fixed<16,6,AP_RND,AP_SAT>",False,True,32.0,4.57763671875e-05,-4.339358666416729,1.0,1.0,0.4883721172809601,0.0
0.11328350213326084,3.363585661014858,none,"ap_fixed<16,6,AP_RND,AP_SAT>",False,True,26.0,3.0517578125e-05,-4.515449920728757,1.0,1.0,0.5920892953872681,0.0
0.1412537544622754,3.363585661014858,none,"ap_fixed<16,6,AP_RND,AP_SAT>",False,True,20.0,1.52587890625e-05,-4.816479902161777,1.0,1.0,0.6650766730308533,0.0
0.17612999928460507,3.363585661014858,none,"ap_fixed<16,6,AP_RND,AP_SAT>",True,False,,6113.06689453125,,1.0,1.0,0.9999998807907104,1.0
0.21961736002054355,3.363585661014858,none,"ap_fixed<16,6,AP_RND,AP_SAT>",True,False,,9387.720703125,,1.0,1.0,0.9999998807907104,1.0
0.27384196342643613,3.363585661014858,none,"ap_fixed<16,6,AP_RND,AP_SAT>",True,False,,9453.3642578125,,1.0,1.0,0.9999999403953552,1.0
0.34145488738336005,3.363585661014858,none,"ap_fixed<16,6,AP_RND,AP_SAT>",True,False,,7063.90869140625,,1.0,1.0,0.9915792346000671,1.0
0.42576177390469155,3.363585661014858,none,"ap_fixed<16,6,AP_RND,AP_SAT>",True,False,,9881.2158203125,,1.0,1.0,0.9999998211860657,1.0
0.5308844442309882,3.363585661014858,none,"ap_fixed<16,6,AP_RND,AP_SAT>",True,False,,15216.2958984375,,1.0,1.0,0.9786513447761536,1.0
0.6619624174845152,3.363585661014858,none,"ap_fixed<16,6,AP_RND,AP_SAT>",True,False,,14119.7119140625,,1.0,1.0,0.9911895990371704,1.0
0.8254041852680182,3.363585661014858,none,"ap_fixed<16,6,AP_RND,AP_SAT>",True,False,,9628.5087890625,,1.0,1.0,0.9999999403953552,1.0
1.0292005271944276,3.363585661014858,none,"ap_fixed<16,6,AP_RND,AP_SAT>",True,False,,3008.63037109375,,1.0,1.0,0.8703317642211914,1.0
1.2833151855576512,3.363585661014858,none,"ap_fixed<16,6,AP_RND,AP_SAT>",True,False,,463.7588806152344,,1.0,1.0,0.9756678342819214,1.0
1.600171999495828,3.363585661014858,none,"ap_fixed<16,6,AP_RND,AP_SAT>",True,False,,740.8087768554688,,1.0,1.0,0.9756776690483093,1.0
1.9952623149688795,3.363585661014858,none,"ap_fixed<16,6,AP_RND,AP_SAT>",True,False,,1176.7869873046875,,1.0,1.0,0.9756609201431274,1.0
0.01,3.563594872561357,none,"ap_fixed<16,6,AP_RND,AP_SAT>",False,False,,0.0088653564453125,-2.0523037981843806,1.0,1.0,0.4031980335712433,0.0
0.012469049049711741,3.563594872561357,none,"ap_fixed<16,6,AP_RND,AP_SAT>",False,False,,0.0057373046875,-2.2412920856203415,1.0,1.0,0.4036690592765808,0.0
0.015547718420411735,3.563594872561357,none,"ap_fixed<16,6,AP_RND,AP_SAT>",False,True,183.0,0.0034942626953125,-2.456644448159523,1.0,1.0,0.41151854395866394,0.0
0.019386526359522076,3.563594872561357,none,"ap_fixed<16,6,AP_RND,AP_SAT>",False,True,145.0,0.0020599365234375,-2.686146161917864,1.0,1.0,0.4096441864967346,0.0
0.024173154808041036,3.563594872561357,none,"ap_fixed<16,6,AP_RND,AP_SAT>",False,True,115.0,0.001312255859375,-2.8819814790491787,1.0,1.0,0.40612104535102844,0.0
0.03014162529877389,3.563594872561357,none,"ap_fixed<16,6,AP_RND,AP_SAT>",False,True,91.0,0.000823974609375,-3.084086170273658,1.0,1.0,0.416933536529541,0.0
0.037583740428844416,3.563594872561357,none,"ap_fixed<16,6,AP_RND,AP_SAT>",False,True,72.0,0.0004425048828125,-3.3540819317432975,1.0,1.0,0.4333890676498413,0.0
0.046863350287889544,3.563594872561357,none,"ap_fixed<16,6,AP_RND,AP_SAT>",False,True,57.0,0.0002899169921875,-3.5377263281728744,1.0,1.0,0.4365230202674866,0.0
0.05843414133735175,3.563594872561357,none,"ap_fixed<16,6,AP_RND,AP_SAT>",False,True,46.0,0.0001678466796875,-3.7750872428780267,1.0,1.0,0.45507684350013733,0.0
0.07286181745132274,3.563594872561357,none,"ap_fixed<16,6,AP_RND,AP_SAT>",False,True,37.0,6.103515625e-05,-4.214419932180256,1.0,1.0,0.5353034138679504,0.0
0.09085175756516867,3.563594872561357,none,"ap_fixed<16,6,AP_RND,AP_SAT>",False,True,29.0,4.57763671875e-05,-4.339358666416729,1.0,1.0,0.4858657717704773,0.0
0.11328350213326084,3.563594872561357,none,"ap_fixed<16,6,AP_RND,AP_SAT>",False,True,23.0,1.52587890625e-05,-4.816479902161777,1.0,1.0,0.7606666088104248,0.0
0.1412537544622754,3.563594872561357,none,"ap_fixed<16,6,AP_RND,AP_SAT>",False,True,52.0,0.0010833740234375,-2.9652215815037515,1.0,1.0,0.9994407296180725,0.0
0.17612999928460507,3.563594872561357,none,"ap_fixed<16,6,AP_RND,AP_SAT>",True,False,,7613.59912109375,,1.0,1.0,0.9999997615814209,1.0
0.21961736002054355,3.563594872561357,none,"ap_fixed<16,6,AP_RND,AP_SAT>",True,False,,9563.4462890625,,1.0,1.0,0.9999999403953552,1.0
0.27384196342643613,3.563594872561357,none,"ap_fixed<16,6,AP_RND,AP_SAT>",True,False,,13763.72265625,,1.0,1.0,0.9999999403953552,1.0
0.34145488738336005,3.563594872561357,none,"ap_fixed<16,6,AP_RND,AP_SAT>",True,False,,6233.59326171875,,1.0,1.0,0.9978869557380676,1.0
0.42576177390469155,3.563594872561357,none,"ap_fixed<16,6,AP_RND,AP_SAT>",True,False,,14507.580078125,,1.0,1.0,0.9773221015930176,1.0
0.5308844442309882,3.563594872561357,none,"ap_fixed<16,6,AP_RND,AP_SAT>",True,False,,15118.4033203125,,1.0,1.0,0.9837763905525208,1.0
0.6619624174845152,3.563594872561357,none,"ap_fixed<16,6,AP_RND,AP_SAT>",True,False,,12915.771484375,,1.0,1.0,1.0,1.0
0.8254041852680182,3.563594872561357,none,"ap_fixed<16,6,AP_RND,AP_SAT>",True,False,,5953.5400390625,,1.0,1.0,0.9507230520248413,1.0
1.0292005271944276,3.563594872561357,none,"ap_fixed<16,6,AP_RND,AP_SAT>",True,False,,729.9053344726562,,1.0,1.0,0.9821586608886719,1.0
1.2833151855576512,3.563594872561357,none,"ap_fixed<16,6,AP_RND,AP_SAT>",True,False,,695.24267578125,,1.0,1.0,0.9763543605804443,1.0
1.600171999495828,3.563594872561357,none,"ap_fixed<16,6,AP_RND,AP_SAT>",True,False,,1107.1639404296875,,1.0,1.0,0.9763522148132324,1.0
1.9952623149688795,3.563594872561357,none,"ap_fixed<16,6,AP_RND,AP_SAT>",True,False,,1754.5050048828125,,1.0,1.0,0.9763467311859131,1.0
0.01,3.7754972507267732,none,"ap_fixed<16,6,AP_RND,AP_SAT>",False,False,,0.0081939697265625,-2.0865056448711417,1.0,1.0,0.38994908332824707,0.0
0.012469049049711741,3.7754972507267732,none,"ap_fixed<16,6,AP_RND,AP_SAT>",False,False,,0.005035400390625,-2.2979659906595633,1.0,1.0,0.3870886564254761,0.0
0.015547718420411735,3.7754972507267732,none,"ap_fixed<16,6,AP_RND,AP_SAT>",False,True,165.0,0.0029754638671875,-2.5264453191152225,1.0,1.0,0.3650534152984619,0.0
0.019386526359522076,3.7754972507267732,none,"ap_fixed<16,6,AP_RND,AP_SAT>",False,True,130.0,0.00177001953125,-2.752021941151419,1.0,1.0,0.36921995878219604,0.0
0.024173154808041036,3.7754972507267732,none,"ap_fixed<16,6,AP_RND,AP_SAT>",False,True,103.0,0.001251220703125,-2.902666077892886,1.0,1.0,0.38150301575660706,0.0
0.03014162529877389,3.7754972507267732,none,"ap_fixed<16,6,AP_RND,AP_SAT>",False,True,82.0,0.000823974609375,-3.084086170273658,1.0,1.0,0.43910399079322815,0.0
0.037583740428844416,3.7754972507267732,none,"ap_fixed<16,6,AP_RND,AP_SAT>",False,True,65.0,0.000396728515625,-3.4015065815581917,1.0,1.0,0.5315953493118286,0.0
0.046863350287889544,3.7754972507267732,none,"ap_fixed<16,6,AP_RND,AP_SAT>",False,True,52.0,0.0002899169921875,-3.5377263281728744,1.0,1.0,0.5017220973968506,0.0
0.05843414133735175,3.7754972507267732,none,"ap_fixed<16,6,AP_RND,AP_SAT>",False,True,41.0,0.000152587890625,-3.816479927777507,1.0,1.0,0.536787748336792,0.0
0.07286181745132274,3.7754972507267732,none,"ap_fixed<16,6,AP_RND,AP_SAT>",False,True,33.0,9.1552734375e-05,-4.038328675496402,1.0,1.0,0.6193908452987671,0.0
0.09085175756516867,3.7754972507267732,none,"ap_fixed<16,6,AP_RND,AP_SAT>",False,True,26.0,4.57763671875e-05,-4.339358666416729,1.0,1.0,0.6835207343101501,0.0
0.11328350213326084,3.7754972507267732,none,"ap_fixed<16,6,AP_RND,AP_SAT>",False,True,21.0,3.0517578125e-05,-4.515449920728757,1.0,1.0,0.703462541103363,0.0
0.1412537544622754,3.7754972507267732,none,"ap_fixed<16,6,AP_RND,AP_SAT>",True,False,,4910.513671875,,1.0,1.0,0.9999998211860657,1.0
0.17612999928460507,3.7754972507267732,none,"ap_fixed<16,6,AP_RND,AP_SAT>",True,False,,7007.22900390625,,1.0,1.0,0.9999998807907104,1.0
0.21961736002054355,3.7754972507267732,none,"ap_fixed<16,6,AP_RND,AP_SAT>",True,False,,12074.4755859375,,1.0,1.0,0.9999998807907104,1.0
0.27384196342643613,3.7754972507267732,none,"ap_fixed<16,6,AP_RND,AP_SAT>",True,False,,7770.08349609375,,1.0,1.0,0.9990808367729187,1.0
0.34145488738336005,3.7754972507267732,none,"ap_fixed<16,6,AP_RND,AP_SAT>",True,False,,12170.7607421875,,1.0,1.0,0.9999999403953552,1.0
0.42576177390469155,3.7754972507267732,none,"ap_fixed<16,6,AP_RND,AP_SAT>",True,False,,15677.28515625,,1.0,1.0,0.976987361907959,1.0
0.5308844442309882,3.7754972507267732,none,"ap_fixed<16,6,AP_RND,AP_SAT>",True,False,,14664.595703125,,1.0,1.0,1.0,1.0
0.6619624174845152,3.7754972507267732,none,"ap_fixed<16,6,AP_RND,AP_SAT>",True,False,,9868.2548828125,,1.0,1.0,0.9999998807907104,1.0
0.8254041852680182,3.7754972507267732,none,"ap_fixed<16,6,AP_RND,AP_SAT>",True,False,,2822.294677734375,,1.0,1.0,0.9074345231056213,1.0
1.0292005271944276,3.7754972507267732,none,"ap_fixed<16,6,AP_RND,AP_SAT>",True,False,,649.525146484375,,1.0,1.0,0.9769718050956726,1.0
1.2833151855576512,3.7754972507267732,none,"ap_fixed<16,6,AP_RND,AP_SAT>",True,False,,1037.1407470703125,,1.0,1.0,0.9769659638404846,1.0
1.600171999495828,3.7754972507267732,none,"ap_fixed<16,6,AP_RND,AP_SAT>",True,False,,1647.2545166015625,,1.0,1.0,0.9769625663757324,1.0
1.9952623149688795,3.7754972507267732,none,"ap_fixed<16,6,AP_RND,AP_SAT>",True,False,,2604.737548828125,,1.0,1.0,0.9769555330276489,1.0
0.01,4.0,none,"ap_fixed<16,6,AP_RND,AP_SAT>",False,False,,0.006561279296875,-2.183011474977922,1.0,1.0,0.3891470730304718,0.0
0.012469049049711741,4.0,none,"ap_fixed<16,6,AP_RND,AP_SAT>",False,True,194.0,0.0045166015625,-2.3451882194686053,1.0,1.0,0.3879901170730591,0.0
0.015547718420411735,4.0,none,"ap_fixed<16,6,AP_RND,AP_SAT>",False,True,149.0,0.0028839111328125,-2.540018126299863,1.0,1.0,0.3927520513534546,0.0
0.019386526359522076,4.0,none,"ap_fixed<16,6,AP_RND,AP_SAT>",False,True,117.0,0.0017547607421875,-2.7557820900225924,1.0,1.0,0.5088186264038086,0.0
0.024173154808041036,4.0,none,"ap_fixed<16,6,AP_RND,AP_SAT>",False,True,93.0,0.001007080078125,-2.996935994650589,1.0,1.0,0.3896113634109497,0.0
0.03014162529877389,4.0,none,"ap_fixed<16,6,AP_RND,AP_SAT>",False,True,73.0,0.0006866455078125,-3.1632674162158683,1.0,1.0,0.5300650596618652,0.0
0.037583740428844416,4.0,none,"ap_fixed<16,6,AP_RND,AP_SAT>",False,True,59.0,0.000274658203125,-3.561207423939175,1.0,1.0,0.49598413705825806,0.0
0.046863350287889544,4.0,none,"ap_fixed<16,6,AP_RND,AP_SAT>",False,True,47.0,0.00018310546875,-3.7372986822042473,1.0,1.0,0.6153424382209778,0.0
0.05843414133735175,4.0,none,"ap_fixed<16,6,AP_RND,AP_SAT>",False,True,37.0,0.0001220703125,-3.913389940074015,1.0,1.0,0.6845750212669373,0.0
0.07286181745132274,4.0,none,"ap_fixed<16,6,AP_RND,AP_SAT>",False,True,30.0,4.57763671875e-05,-4.339358666416729,1.0,1.0,0.5050992965698242,0.0
0.09085175756516867,4.0,none,"ap_fixed<16,6,AP_RND,AP_SAT>",False,True,23.0,4.57763671875e-05,-4.339358666416729,1.0,1.0,0.5129151344299316,0.0
0.11328350213326084,4.0,none,"ap_fixed<16,6,AP_RND,AP_SAT>",False,True,83.0,0.0021820068359375,-2.6611438929596027,1.0,1.0,0.9996588230133057,0.0
0.1412537544622754,4.0,none,"ap_fixed<16,6,AP_RND,AP_SAT>",True,False,,5316.3212890625,,1.0,1.0,0.9999998807907104,1.0
0.17612999928460507,4.0,none,"ap_fixed<16,6,AP_RND,AP_SAT>",True,False,,6531.0849609375,,1.0,1.0,0.9999998807907104,1.0
0.21961736002054355,4.0,none,"ap_fixed<16,6,AP_RND,AP_SAT>",True,False,,11628.9423828125,,1.0,1.0,0.9999999403953552,1.0
0.27384196342643613,4.0,none,"ap_fixed<16,6,AP_RND,AP_SAT>",True,False,,8497.419921875,,1.0,1.0,1.0,1.0
0.34145488738336005,4.0,none,"ap_fixed<16,6,AP_RND,AP_SAT>",True,False,,15419.2763671875,,1.0,1.0,0.997039258480072,1.0
0.42576177390469155,4.0,none,"ap_fixed<16,6,AP_RND,AP_SAT>",True,False,,15530.2099609375,,1.0,1.0,0.9994406700134277,1.0
0.5308844442309882,4.0,none,"ap_fixed<16,6,AP_RND,AP_SAT>",True,False,,13452.2333984375,,1.0,1.0,1.0,1.0
0.6619624174845152,4.0,none,"ap_fixed<16,6,AP_RND,AP_SAT>",True,False,,5847.57421875,,1.0,1.0,0.9265623688697815,1.0
0.8254041852680182,4.0,none,"ap_fixed<16,6,AP_RND,AP_SAT>",True,False,,603.9859619140625,,1.0,1.0,0.9775072336196899,1.0
1.0292005271944276,4.0,none,"ap_fixed<16,6,AP_RND,AP_SAT>",True,False,,967.443115234375,,1.0,1.0,0.9775213003158569,1.0
1.2833151855576512,4.0,none,"ap_fixed<16,6,AP_RND,AP_SAT>",True,False,,1540.25390625,,1.0,1.0,0.977510929107666,1.0
1.600171999495828,4.0,none,"ap_fixed<16,6,AP_RND,AP_SAT>",True,False,,2440.229248046875,,1.0,1.0,0.9775003790855408,1.0
1.9952623149688795,4.0,none,"ap_fixed<16,6,AP_RND,AP_SAT>",True,False,,3850.637939453125,,1.0,1.0,0.9919212460517883,1.0
